ASEAN Food ID,Food and Description,ENERC (ENERC),WATER,PROCNT,FAT,CHOVLDF (CHOCDF),FIBTG,ASH,CA,P,NA,K,FE,CU,ZN,RETOL,CARTB,VITA_RAE,THIA,RIBF,NIA,VITC
AAA19,"Bread, wholewheat",273,33.5,11.9,5.4,41.3,5.9,2,83,-,415,137,1.9,-,-,0,0,0,0.21,0.23,2.6,-
AAA29,Corn flakes,373,2.6,7.3,0.5,83.1,3.4,3.1,42,46,833,-,9.3,-,-,0,0,0,1.86,7.88,21.3,183
AAA29,Corn flakes,373,2.6,7.3,0.5,83.1,3.4,3.1,42,46,833,-,9.3,-,-,0,0,0,1.86,7.88,21.3,183
AAA22,"Corn flakes, sugar coated",379,2.5,4,0.4,89.1,1.6,2.4,-,-,495,-,-,-,-,-,-,-,-,-,-,-
AAA22,"Corn flakes, sugar coated",379,2.5,4,0.4,89.1,1.6,2.4,-,-,495,-,-,-,-,-,-,-,-,-,-,-
AAA38,"Corn, whole-kernel, raw",(111),73.4,3.4,1.4,(21.1),-,0.7,10,11,1.7,-,-,11,70,0,-,-,0.1,0.18,1.1,13
AAA37,"Corn, yellow, on the cob, boiled",142,66.9,3.8,4.3,19.4,5,0.6,-,-,2.4,-,-,26,125,0,299,25,0.09,0.08,1.2,3
AAA42,"Macaroni, dried",344,11.9,12.1,0.6,70,4.9,0.5,5,41,2.2,-,-,13,66,22,0,22,0.29,0.13,2.2,0
AAA47,"Noodle, rice, dried",(353),11.3,10.5,0,(77.7),-,0.5,7,16,1.3,-,-,14,10,0,0,0,0.16,0.06,1.4,0
AAA48,"Noodle, rice, fermented, fresh ",(106),73.8,1.4,0.3,(24.3),-,0.2,47,10,-,-,-,9,49,0,0,0,0.6,-,-,-
AAA78,"Noodle, rice, vermicelli, dried ",374,6.5,6.1,0.7,85.1,1.3,0.3,13,22,2.7,-,-,5,26,0,0,0,-,-,-,-
AAA50,"Noodle, rice, fresh, kuih-teow",150,63.5,3,0.9,32.4,0.1,0.1,54,50,2.7,-,-,29,-,0,0,0,0.03,0.05,0.7,0
AAA79,"Noodle, wheat, dried, longevity (Mee-sua)",311,9.9,12.4,0.9,62.3,2.1,12.4,3067,-,1.7,-,-,19,90,-,-,-,-,-,-,-
AAA53,"Noodle, wheat, fresh",(299),27.2,12.7,3.3,(54.5),-,2.3,613,163,2,-,-,27,120,-,-,0.01,0.04,-,-,0
AAA54,"Noodle, wheat, instant, w/ flavour (different flavours)",448,4.3,10.5,20.4,53.5,4.1,7.2,1975,130,0.9,-,-,17,60,8,1,0.22,0.07,1.5,0,22
AAA61,"Rice, flour, glutinous, white",360,10.9,7.6,1.3,79.1,0.6,0.5,16,32,1.1,-,-,21,215,0,22,0.04,0.08,2.5,0,0
AAA59,"Rice, glutinous, black, polished, raw",347,12.7,8.5,2.6,69.9,4.9,1.4,2,82,3.5,-,-,20,81,36,3,0.39,0.1,2,0,0
AAA60,"Rice, glutinous, white, polished, raw",354,12.6,7.3,1.5,77.4,0.6,0.6,6,35,1.8,-,-,14,134,0,0,0.13,0.02,1.4,0,0
AAA69,"Rice, red, undermilled, raw",356,11.2,6.8,2.7,74.2,4,1.1,-,-,0.8,-,-,7,27,0,0,0.35,0.05,3.4,0,0
AAA63,"Rice, white, polished, cooked",129,67.3,2.2,0.2,29.4,0.6,0.3,20,47,0.4,-,-,19,105,0,0,0.02,0.02,0.7,0,0
AAA65,"Rice, white, polished, raw",354,11.7,6.8,0.7,79.7,0.6,0.5,27,71,1.2,0.1,0.5,5,65,0,0,0.1,0.04,2.6,0,0
AAA64,"Rice, white, polished, raw, jasmine variety",353,11.9,6.1,0.7,80.2,0.8,0.3,34,113,0.9,0.14,0.1,32,244,0,0,0.12,0.02,1.5,0,0
AAA67,"Rice, whole-grain, milled by machine, raw",353,11.9,7.9,2.1,74.1,2.8,1.2,33,193,2.2,0.1,0.5,21,126,0,0,0.33,0.08,5.5,0,0
AAA62,"Rice,parboiled, raw",355,11.9,6.9,1.2,78.8,0.5,0.7,9,45,1.6,-,-,68,161,0,0,0.19,0.11,3.3,0,0
AAA74,"Wheat, flour, all purpose",354,12.5,11.6,1.3,73.7,0.3,0.6,4,116,2.8,-,-,0,0,0.15,0.1,3.6,0,,,
AAB1,"Arrowroot, flour",347,13.3,0.4,(0.5),85.1,0.4,0.3,35,21,-,-,4.5,-,-,0,20,2,T,0.01,T,0
AAB6,"Cassava, tuber, fresh, raw",146,61.9,0.8,0.2,34.5,1.7,0.9,32,37,2,198,1,-,-,0,5,0,0.05,0.12,0.5,45
AAB8,"Coleus, tuber, raw",(96),75.9,1.4,0.5,(21.4),-,0.8,26,34,9,269,0.7,0.2,0.3,0,0,0,0.11,0.04,1.5,7
AAB10,"Potato, fresh, raw",76,79.4,2.2,0.1,15.7,1.6,1,24,58,30,176,1.4,-,-,0,0,0,0.12,0.07,1.3,30
AAB12,"Sago, flour",(349),12.8,0.6,0.2,(86.3),-,0.1,11,12,11,4,0.8,0.1,0.1,0,0,0,0,0,0.1,0
AAB14,"Sweet potato, purple, fresh, raw",(103),73.6,0.7,0.3,(24.4),-,1,26,43,1,1,0.9,T,0.2,0,24,2,0.08,0.04,0.8,23
AAB16,"Sweet potato, white, fresh, raw",106,71.9,0.6,0.5,23.5,2.4,1.1,66,31,3,5,0.7,0.1,0.2,0,13,-,0.16,0.07,0.6,36
AAB18,"Sweet potato, yellow, fresh, raw",94,73.9,0.6,0.3,20.3,4,0.9,64,43,3,1,0.4,0.1,0.2,0,756,63,0.08,0.05,0.6,27
AAB20,"Tapioca, flour",(355),11,0.8,0.1,(87.6),-,0.5,64,36,1,7,1,-,-,0,0,0,0.03,0.02,0.4,0
AAB21,"Taro, fresh, raw",117,68.8,1.7,0.1,26.1,2.4,0.9,49,46,11,252,0.8,0.2,0.8,0,15,1,0.11,0.07,1,6
AAB22,"Water chestnut, Kra-jub, boiled",(135),64.8,3.6,0.1,(30.0),-,1.5,23,89,-,-,4.6,-,-,0,-,-,0.27,0.04,0,9
AAB26,"Yam, spiny, fresh, raw",118,69.1,1.3,0.2,27.2,1.2,1,68,42,-,-,1.2,-,-,0,0,0,0.08,0.03,0.3,9
AAC3,"Bambara groundnut, boiled",(160),61.7,7.1,2.8,(26.5),-,1.9,22,127,-,-,-,-,-,0,-,-,0.1,0.18,1.6,-
AAC2,"Bambara groundnut, fresh, raw",(180),58.1,8.4,3.8,(28.1),-,1.6,20,143,-,-,-,-,-,0,-,-,-,0.37,2.9,4
AAC4,"Bean, black, dried, raw",305,12.1,21.3,1.9,40,21.3,3.4,66,362,7,4,9.3,0.9,3.5,0,-,-,0.55,0.19,2.1,3
AAC6,"Bean, hyacinth, dried, raw",(345),11.2,25.7,0.8,(58.8),-,3.5,66,372,43,407,6.5,-,-,0,202,17,0.46,0.12,3,0
AAC10,"Broad bean, seed, dried, raw",(349),11.9,22.1,1.5,(61.8),-,2.7,90,344,-,1762,6.3,-,-,0,-,-,-,-,-,-
AAC11,"Butterfly pea, seed, dried, dehulled, raw",(353),10.9,26.6,2.2,(56.6),-,3.7,-,43,-,-,6.2,-,-,0,-,-,-,1.36,4.7,-
AAC117,"Cashew nut, baked",557,2.2,23.4,41.8,13.8,16.1,2.7,22,473,-,-,-,-,-,0,-,-,0.86,0.19,1.1,1
AAC16,"Cashew nut, fresh, raw",299,50.5,11.6,23,9.2,4.5,1.2,11,223,-,-,0.1,-,-,0,-,-,0.36,0.2,0.9,1
AAC18,"Chestnut, roasted",224,40.4,4.7,3.6,36.7,12.9,1.7,28,78,5,321,1.5,-,-,0,0,-,0.2,0.09,1.3,14
AAC19,"Chickpea, dried, raw",(374),10.1,19.8,5.1,(62.1),-,2.9,137,309,7,835,5.2,-,-,0,10,1,0.31,0.16,1.3,1
AAC17,"Cowpea, catjung, seed, dried, raw",(352),10.9,22.5,2.3,(60.3),-,4,306,408,-,-,7.5,-,-,0,-,-,0.66,0.11,2.4,-
AAC27,"Cowpea, seed, mixed colours, dried, raw",(357),8.7,23.8,2,(61.0),-,4.5,66,447,15,8,10,-,-,0,-,-,1.01,0.38,3,-
AAC118,"Jackfruit, seed, raw",(153),60.7,5.5,0.2,(32.2),-,1.4,-,105,-,-,2.9,-,-,0,-,-,1.74,-,3.1,24
AAC47,"Job's tears, seed, whole",359,10.6,14.6,2.6,67.6,3.6,1,19,148,-,-,4.8,-,-,-,-,-,0.34,0.09,2.1,17
AAC48,"Kidney bean, red, dried, raw",299,11.6,19.6,1.9,38.8,24.3,3.8,109,388,-,-,6.7,-,-,0,T,-,0.35,0.77,2.4,0
AAC53,"Mungbean noodle, dried, raw",345,11.5,0.2,0.2,83.2,4.8,0.1,22,10,7,-,1,-,-,0,0,0,0.01,0.01,0.1,0
AAC61,"Mungbean noodle, instant, w/ seasonings, mixed flavours",353,7.3,1.8,6.9,70.1,1.5,12.4,41,-,3265,70,1.6,-,-,0,0,0,0.05,0.01,-,0
AAC55,"Mungbean, seed, green, dried, raw",301,10.6,23.2,1.9,34.7,26.1,3.5,97,349,44,863,5.9,1.47,2.7,0,165,14,0.73,0.26,2.5,2
AAC41,"Mungbean, seed, red, dried, raw",(343),11.9,18.7,0.7,(65.5),-,3.2,86,317,15,739,6.6,-,-,0,8,1,0.53,0.3,2.2,0
AAC58,"Mungbean, seed, splited, dried, dehulled, raw",329,8.7,24.5,1.2,47.9,14.2,3.5,206,328,23,279,4.3,-,-,0,98,8,0.44,0.38,1.9,0
AAC62,"Pea, seed, dried, raw",(341),12.2,23.6,1,(59.4),-,3.8,-,-,-,-,-,-,-,-,-,-,-,-,-,-
AAC63,"Peanut/Groundnut, seed, w/ skin, dried, raw",543,6.4,24.9,43,5.2,18,2.5,69,348,32,483,5.9,1.6,2,0,0,0,1.31,0.28,14.7,0
AAC121,"Pumpkin, seed, w/o shell, roasted",594,5.4,25.6,49.1,9.7,5.2,5,35,789,24,469,6,2,8,0,-,-,-,-,-,-
AAC123,"Pumpkin, seed, w/o shell, baked, salted",555,8.8,22.9,45.7,10,5.9,6.7,40,834,1160,389,7,2,7,0,-,-,-,-,-,-
AAC122,"Pumpkin, seed, w/o shell, fresh, raw",384,37.3,16.8,32.5,2.8,6.7,3.9,24,606,16,356,5,2,5,0,-,-,-,-,-,-
AAC71,"Rice bean, seed, dried, raw",(345),10.5,18.1,1.2,(65.4),-,4.8,230,209,9,8,2.1,-,-,0,-,-,0.5,0.5,3.6,-
AAC72,"Rice bean, seed, red, dried, raw",300,9.7,22.5,2.1,33.9,27.8,4,68,370,16,1122,6.4,1.57,2.4,0,-,-,1.09,0.18,2,7
AAC73,"Sesame, seed, black, dried, raw",555,4.5,19.4,46,6.3,19.2,4.6,913,555,69,401,15.9,2.2,3.2,0,-,-,0.57,0.61,5.3,-
AAC74,"Sesame, seed, white, dried, raw",602,3.6,22.8,52,0p,21.6,4.6,952,543,48,457,9.5,2.3,4,0,0,0,0.67,0.75,5.3,0
AAC90,"Soybean cheese, fermented",(124),58,10.6,4.4,(10.4),-,16.6,88,137,3701,260,4.7,-,-,0,-,-,0.03,0.14,1.2,-
AAC125,"Soybean curd, white, hard",(118),76.7,12.4,5.9,(3.7),-,1.3,42,157,115,156,3.7,-,-,0,0,0,0.08,0.04,2.6,-
AAC131,"Soybean curd, white, soft",(60),88.3,5.5,3.4,(1.8),-,1,37,62,35,248,1.3,-,-,0,0,0,0.06,0.04,0.9,-
AAC92,"Soybean curd, white, soft, packed in pouch",(41),92.1,3.8,2.2,(1.4),-,0.5,19,49,-,-,1,-,-,0,0,0,-,-,-,-
AAC93,"Soybean flour, defated",(362),4.5,48.9,1.1,(39.2),-,6.3,-,-,-,-,-,-,-,0,0,0,-,-,-,-
AAC126,"Soybean flour, full-fat",449,6.5,36.2,21.4,24.9,6,5,262,571,54,-,3.9,-,-,0,0,0,-,-,-,-
AAC127,"Soybean paste, black",(89),60.8,8.2,3.4,(6.3),-,21.3,98,81,2800,250,6.8,-,-,0,0,0,-,-,-,-
AAC95,"Soybean paste, white",(134),56,10.2,4.6,(13.0),-,16.2,111,136,2171,254,4.9,-,-,0,0,0,0.12,0.16,1.1,0
AAC85,"Soybean, seed, black, dried, raw",378,9.6,34.4,13.7,21.1,16.1,5.1,223,377,37,398,6.2,-,-,0,58,5,0.51,0.23,2.7,8
AAC87,"Soybean, seed, yellow, dried, raw",389,8.7,34.6,17.8,11.6,22,5.3,260,534,32,994,6.6,1.42,2.9,0,60,5,0.77,0.3,2,5
AAC99,"Soybean, young seed, boiled",(152),65,15.1,4.1,(13.6),-,2.2,167,253,-,-,1.3,-,-,0,89,7,0.29,0.18,1.8,25
AAC101,"Soybean, young seed, fresh, raw",(162),65,14,6.9,(10.9),-,3.2,177,217,84,286,2.6,-,-,0,95,8,0.47,0.2,1.6,27
AAC130,"Sugar pea,coated, baked",457,1.7,17.9,18.9,49.9,7.7,3.9,41,-,435,-,4.3,-,-,0p,0,0,0.85,0.02,-,-
AAC102,"Sweet pea, dried, dehulled, raw",(352),10.2,22.1,1.4,(62.7),-,3.6,227,28,-,-,4.5,-,-,0,-,-,-,0.56,3.9,-
AAC103,"Tamarind, seed, roasted",(399),9.6,14.4,7.5,(68.5),-,-,140,289,-,-,3.7,-,-,0,-,-,0.09,0.69,0.2,-
AAC108,"Winged bean, seed, dried, raw",(424),9.2,34.1,15.5,(37.0),-,4.2,564,636,-,-,9.6,-,-,0,-,-,-,-,-,-
AAD36,"Acacia pennata (Cha-om), leaf",59,82.4,10.5,0.5,1.3,3.9,1.4,41,171,42,438,2.5,0.06,0.5,0,1297,108,0.37,0.48,1.9,47
AAD152,Amaranth,(36),88.5,3.3,0.3,(5.0),-,2.9,221,77,-,-,2.4,-,-,0,-,0.02,0.27,0.9,21,0
AAD2,"Amaranth, spineless, fresh, raw",27,88.9,3.6,0.5,0.2,3.8,3,190,67,44,604,3.1,-,-,3059,255,0.03,0.27,1.1,49,0
AAD3,"Asparagus, canned",20,93,1.7,0,2.5,1.7,1.1,18,30,380,79,0.3,-,-,0,0,0.05,0.06,0.4,10,0
AAD4,"Asparagus, fresh, raw",21,93.2,2.6,0.4,0.3,2.8,0.7,12,52,9,191,0.7,0.11,0.5,83,7,0.1,0.16,0.8,22,0
AAD6,"Bamboo shoot, canned, drained",12,95.7,0.9,0.2,0.5,2.4,0.3,34,16,9,-,0.6,-,-,15,1,0.01,0.06,0.2,T,0
AAD8,"Bamboo shoot, spring variety, fresh, raw",23,91.2,2,0.4,0p,5.7,0.9,24,40,23,112,1,-,-,13,1,0.07,0.09,0.6,5,0
AAD10,"Banana, flower and bud, fresh, raw",32,90.2,1.6,0.7,3.1,3.2,1.2,50,36,3,524,1.1,0.09,0.3,201,17,0.02,0.03,0.8,10,0
AAD13,"Banana, shoot and young stem, fresh, raw",(13),95.9,0.7,0.1,(2.4),-,0.9,21,34,-,-,0.2,-,-,4,0,0.01,0.02,0.3,0,0
AAD15,"Bean, mixed variety, pod, fresh, raw",35,90.6,2.1,0.2,5.9,0.5,0.7,61,45,68,113,1,-,-,698,58,0.1,0.12,0.8,19,0
AAD136,"Beetroot, fresh, raw",37,88.7,1.6,0.1,6.2,2.4,1,54,47,26,369,1.1,-,-,0,0,0.03,0.05,0.3,8,0
AAD19,"Bell pepper, green, capsicum, fresh, raw",23,93.3,1.1,0.3,3.2,1.7,0.4,9,24,13,126,1,0.08,0.2,190,16,0.07,0.04,0.5,97,0
AAD22,"Broccoli, fresh, raw",26,91.2,3.4,0.1,1.4,2.9,1,34,57,22,261,0.9,0.04,0.5,283,24,0.08,0.18,1.2,107,0
AAD23,"Cabbage, Chinese, fresh, raw",18,94,1.7,0.2,1.5,1.7,0.9,60,34,22,201,1.6,0.1,0.2,1463,122,0.07,0.12,0.6,33,0
AAD24,"Cabbage, Chinese, salted",34,86.2,1.4,0.3,5.4,2.1,4.6,59,25,1512,1455,1.6,-,-,0,0,0,0.02,0,10,0
AAD25,"Cabbage, Chinese, wongbok, fresh, raw",16,94.7,1.7,0.4,0.6,1.7,0.9,130,24,4,290,1.5,-,-,829,69,0.06,0.07,0.7,36,0
AAD134,"Cabbage, Chinese/ Flowering white cabbage, flower",(28),93.2,1.7,0.2,(4.9),2.1,-,-,-,-,-,-,-,-,1322,110,-,-,-,-,0
AAD56,"Cabbage, Chinese/ Flowering white cabbage, raw",20,93.3,1.9,0.2,1.5,2.1,1,115,37,110,227,1.3,0.04,0.5,2306,192,0.05,0.24,0.6,51,0
AAD26,"Cabbage, common, fresh, raw",25,92.2,1.5,0.3,3.2,1.9,0.9,51,30,29,243,1,0.3,0.3,47,4,0.06,0.07,0.3,32,0
AAD28,"Carrot, raw",35,88.4,1.5,0.2,4.9,4,1,80,43,98,237,0.7,0.07,0.2,4346,362,0.06,0.07,0.6,12,
AAD29,"Cashew nut, leaf and top, raw",(48),87.4,3.1,0.2,(8.5),-,0.8,56,36,8,384,2.4,-,-,0,2568,214,0.01,0.64,0.6,72
AAD30,"Cassava, young leaf and top, raw",65,81.1,6.3,0.7,6.1,4.6,1.2,158,51,20,28,1.6,-,-,0,3882,324,0.19,0.45,1.9,211
AAD31,"Cassia, flower, raw",(102),73.9,4.2,0.5,(20.1),-,1.3,19,25,-,-,1.5,-,-,0,-,-,0.11,0.54,1.8,441
AAD32,"Cassia, leaf, raw",104,70.2,6.3,0.7,15.1,5.8,1.9,125,129,39,521,2.4,-,-,0,240,20,0.42,0.63,3.2,56
AAD33,"Cassia, tender tip, raw",(65),83.9,4.5,0.9,(9.7),-,1,51,79,45,386,0.5,-,-,0,-,-,-,0.36,2.6,2
AAD34,"Cauliflower, inflorescence, raw",30,90.9,2.6,0.1,3.9,1.7,0.8,28,48,51,205,0.8,-,-,0,26,2,0.1,0.1,0.7,68
AAD35,"Celery, leaf and petiole, raw",25,91.1,1.3,0.2,3.2,2.6,1.6,164,35,82,329,2.5,0.1,0.5,0,80,7,0.03,0.09,0.5,21
AAD37,"Chayote, fruit, raw",(21),94.4,0.6,(0.1),(4.5),-,0.4,24,10,-,-,0.4,-,-,0,35,3,0.02,0.02,0.4,10
AAD155,"Chinese radish, leaf, sweet pickled",(55),72.5,1.3,0.2,(12),-,14,-,-,-,-,-,-,-,0,-,-,-,-,-,-
AAD40,"Chrysanthemum, leaf, raw",18,93.8,2.2,0.4,0.3,2,1.3,76,33,63,452,2.1,0.1,0.5,0,2915,243,0.06,0.16,0.5,20
AAD41,"Coriander, leaf, raw",27,90.3,2.5,0.2,2.2,3,1.8,127,46,23,544,2.6,0.1,0.2,0,2587,216,0.1,0.39,1,127
AAD42,"Corn, baby",27,91.7,1.9,0.2,3.6,1.5,1.1,9,49,279,182,0.4,0.08,0.6,0,-,-,0.09,0.13,0.7,24
AAD43,"Corn, baby, in brine, canned, drained",24,92.2,1.6,0.4,2.4,2.4,1,7,-,254,-,-,-,-,0,-,-,-,-,-,-
AAD44,"Cowpea, mixed variety, pod, fresh, raw",45,86.1,4.1,0.2,4.8,4,0.8,69,40,28,93,1.2,-,-,0,346,29,0.18,0.16,1.6,29
AAD46,"Cucumber, long",16,95.4,0.6,0.1,2.8,0.7,0.4,18,22,14,118,0.4,-,-,0,27,2,0.03,0.04,0.2,8
AAD45,"Cucumber, small",21,93.9,0.8,0.1,3.7,1,0.5,20,28,5,166,0.4,0.05,0.2,0,52,4,0.04,0.05,0.3,12
AAD52,"Egg plant, purple, raw",(32),91.6,1.3,0.1,(6.4),-,0.6,20,29,9,55,0.6,-,-,0,85,7,0.08,0.06,0.7,18
AAD50,"Eggplant/aubergine, green, long, raw",22,92.9,1,0.1,3.2,2.3,0.5,15,37,5,155,0.4,0.1,0.2,0,-,-,0.06,0.09,0.5,4
AAD51,"Eggplant/brinjal, pickled",(27),90.6,1.1,0.2,(5.1),-,3,-,-,-,-,-,-,-,0,-,-,-,-,-,-
AAD54,"Eggplant/brinjal, raw",31,90.2,1.5,0.2,4.5,2.8,0.8,22,37,12,251,0.9,0.13,0.2,0,62,5,0.07,0.04,0.7,8
AAD154,Fennel,(42),88.3,2.5,0.4,(7.2),-,1.6,79,48,70,439,2.3,-,-,0,5203,434,-,0.22,1.2,23
AAD55,"Fern, leaf, raw",(63),84.9,3.2,1.4,(9.4),-,1.1,39,74,23,231,1.1,0.23,0.3,0,1859,155,0.34,0.17,0.6,26
AAD57,"Garlic, leaf, raw",32,89.7,2.4,0.3,2.9,3.8,0.9,70,45,5,210,0.7,-,-,0,1344,112,0.07,0.12,0.6,27
AAD59,"Gourd, bitter, leaf and top, raw",68,85.6,4.5,4.5,0p,4.5,1.7,207,69,-,-,3.2,-,-,0,3985,332,0.16,0.34,1.4,65
AAD60,"Gourd, bitter, mixed variety, raw",16,94,0.9,0.1,1.5,2.8,0.7,33,26,12,155,0.7,0,0.1,0,170,14,0.06,0.05,0.2,42
AAD62,"Gourd, bottle, raw",20,95.1,0.5,1,1.5,1.5,0.4,19,16,4,130,0.3,0.1,0.1,0,11,1,0.03,0.03,0.5,12
AAD63,"Gourd, snake, raw",17,94.6,0.8,0.1,2.1,2.1,0.3,15,7,8,51,0.8,-,-,0,76,0.03,0.05,0.4,13,0
AAD64,"Gourd, sponge, raw",21,94.1,0.9,0.3,3,1.2,0.5,23,30,16,109,0.4,-,-,10,1,0.04,0.04,0.3,6,0
AAD65,"Gourd, wax, mixed variety, raw",16,94.9,0.5,0.2,2.3,1.7,0.4,21,20,5,135,0.3,0.02,0.1,0,0,0.02,0.13,0.2,39,0
AAD61,"Gourd/cucumber, bitter, Thai variety, raw",20,92.4,1.4,0.4,0.5,4.2,1.1,3,5,-,-,0.4,0.08,0.2,23,2,0.09,0.05,-,147,0
AAD48,"Horseradish, leaf, raw",(47),86.2,2.9,0.1,(8.7),-,2.1,-,-,-,-,-,-,-,2872,239,-,-,-,-,0
AAD160,"Horseradish-tree, leaf, raw",(90),76.5,6,1.1,(14.1),-,2.3,304,96,9,426,3.8,-,-,5336,445,0.24,0.62,3.7,169,0
AAD49,"Horseradish-tree, pod, raw",(63),83.6,3.2,0.3,(11.9),-,1,24,36,3,222,0.9,-,-,68,6,0.05,0.09,0.5,239,0
AAD67,"Indian pennywort, leaf, raw",34,87.8,2.3,0.4,3.1,4.5,1.9,182,21,21,391,4.8,-,-,1946,162,0.17,0.14,0.1,30,0
AAD58,"Ivygourd, fresh, raw",26,91,3.6,0.2,1.2,2.7,1.3,57,69,19,166,1.4,0.14,0.5,4036,336,0.11,0.17,0.8,13,0
AAD68,"Jackfruit, unripe",38,86.7,1.9,0.6,2.5,7.6,0.7,49,13,-,-,0.5,-,-,18,2,0.31,0.05,0.5,14,0
AAD71,"Jute, leaf, raw",(50),87.2,4.7,(1.0),(5.5),-,1.6,335,86,-,-,8.7,-,-,5515,460,0.11,0.21,1.1,86,0
AAD72,"Kale, Chinese, raw",(38),89.4,2.7,0.3,(6.1),-,1.5,178,20,17,331,2.5,-,-,2641,220,0.09,0.16,0.9,117,0
AAD153,"Leek, Chinese, onion fragant",(34),90.7,1.7,0.1,(6.5),-,1,48,67,2,45,1.2,-,0.4,-,0.06,0.05,0.3,17,0,1509
AAD74,"Leek, Chinese, raw",23,92.3,2.3,0.2,1.7,2.7,0.8,68,46,12,247,7.1,0.06,0.3,126,0.05,0.11,1,18,0,1555
AAD75,"Lettuce, garden, leaf and petiole",15,94.7,1.3,0.1,1.3,1.8,0.8,62,32,19,190,1.8,-,-,130,0.06,0.13,0.4,23,,
AAD76,"Loofah, angled",21,94,0.8,0.3,3,1.4,0.5,19,16,25,119,0.7,0.05,0.1,0,18,2,0.05,0.04,0.4,6
AAD80,"Mung bean, sprout, raw",41,88.2,4.3,0.2,4.1,2.6,0.6,29,73,13,106,1.4,0.13,0.5,0,28,2,0.11,0.14,0.8,23
AAD81,"Mung bean, sprout, in brine, canned",23,92.5,1.5,0.1,3,1.9,1,33,-,313,-,0.3,-,-,0,-,-,-,-,-,2
AAD82,"Mushroom, abalone, raw",(45),88.6,2.6,0.9,(6.7),-,1.2,7,85,45,487,1.3,0.04,0.1,0,-,-,0.07,0.27,2.8,8
AAD84,"Mushroom, button/ champignon, canned in brine, drained",31,90.2,4,0.5,1.1,3.2,1,16,42,394,27,0.8,0.33,3.4,0,-,-,-,-,-,4
AAD83,"Mushroom, button/ champignon, raw",(33),90.5,4.7,0.2,(3.2),-,1.4,9,139,8,528,5.7,0.38,0.2,0,-,-,-,-,5.5,4
AAD85,"Mushroom, Chinese/ shiitake, dried, raw",(333),13.2,16,1,(64.9),-,4.9,22,345,31,2103,3.6,0.75,6.6,0,0,0,0.07,1.5,12.3,9
AAD118,"Mushroom, Chinese/ shiitake, fresh, raw",(32),91.6,2.2,0.1,(5.5),-,0.6,6,46,7,237,1.1,0.08,0.1,0,-,-,-,1.03,3.2,-
AAD88,"Mushroom, Chinese/straw, fresh, raw",31,90.8,3,0.2,3.6,1.4,1,6,101,21,317,1,0.38,0.3,0,-,-,0.09,0.32,6.4,9
AAD87,"Mushroom, grey, oyster, fresh, raw",(40),89.9,3.2,0.5,(5.7),-,0.7,4,78,22,214,1.5,0.06,0.2,0,0,0,0.04,0.31,3.9,10
AAD69,"Mushroom, Jew's ear/black wood ear, dried, raw",243,11.4,8.3,0.3,27.6,48.4,4,223,209,181,756,20.1,0.3,5.7,0,11,1,0.07,0.62,2.8,2
AAD70,"Mushrooms, Jew's ear/ black wood ear, fresh, raw",23,89.8,0.8,0.1,0.7,8.2,0.4,23,15,28,54,0.5,0.03,0.1,0,-,-,0.01,0.14,0.2,1
AAD138,"Mustard green, India (leaf and stem)",18,94.3,1.7,0.4,1,1.8,0.8,68,17,16,319,1.5,-,-,0,1492,124,0.07,0.17,0.5,63
AAD89,"Mustard, Chinese, leaf, pickled",(21),91.5,1.5,0.2,(3.40),-,3.4,79,248,-,-,5.7,-,-,0,966,81,0.02,0.03,0.4,20
AAD90,"Mustard, leaf, raw",(28),92.5,2.2,0.5,(3.7),-,1.1,152,49,11,426,2.5,-,-,0,1901,158,0.06,0.16,0.9,80
AAD91,"Neem, leaf and tip",78,73.3,5.6,0.4,7.3,11.6,1.8,162,70,12,331,2.7,0.14,0.4,0,4810,401,0.06,0.11,2.5,92
AAD73,"Okra (Lady's fingers), young pod, raw",(31),91.9,1.6,0.2,(5.6),-,0.7,44,17,26,68,1.3,-,-,0,171,14,0.08,0.12,1.2,17
AAD94,"Onion, flower",(23),94,1.2,0.1,(4.2),-,0.5,23,25,-,-,0.6,-,-,0,378,32,0.04,0.1,0.2,19
AAD96,"Onion, spring, fresh, raw",39,89.2,2.2,0.7,4.6,2.6,0.7,55,39,16,137,2.3,-,-,0,2848,237,0.06,0.09,0.3,42
AAD97,"Papaya, unripe, raw",24,92.6,0.8,0.1,4,2,0.5,47,32,21,203,0.6,0.01,0,0,0,0,0.04,0.03,0.3,29
AAD103,"Parkia, seed, raw",124,69.9,9,2.9,14.2,2.7,1.3,101,43,47,376,2.1,-,-,0,151,13,0.13,0.11,0.8,28
AAD99,"Parsley, leaf, raw",33,88.5,3,0.9,1,4.7,1.9,216,51,13,804,6,-,-,0,2100,175,0.13,0.21,0.5,106
AAD100,"Pea, garden, pod, fresh, raw",57,84.5,4.9,0.4,7.3,2.1,0.8,53,56,2,139,0.9,0.11,0.8,0,85,7,0.24,0.12,1,49
AAD105,"Pumpkin, raw",44,87.4,1.3,0.3,7.8,2.4,0.8,31,30,43,178,0.7,0.06,0.9,0,1019,85,0.06,0.05,0.5,15
AAD106,"Pumpkin, young leaf, raw",27,91.4,2.9,0.3,1.9,2.4,1.1,90,46,49,363,3.5,-,-,0,1050,88,0.11,0.15,1,20
AAD107,"Purslane, leaf, raw",32,89.7,2.4,0.1,4.9,1.1,1.8,120,44,5,354,4.5,-,-,0,4992,416,0.04,0.15,0.7,27
AAD108,"Radish, chinese, white, raw",20,93.9,0.7,0.2,3.2,1.4,0.6,37,23,51,113,0.8,0.03,0.2,0,T,-,0.05,0.04,0.3,25
AAD110,"Rhubarb, raw",(35),92.1,0.9,1.3,(4.8),-,0.9,162,17,5,126,0.7,-,-,0,111,9,0.02,0.03,0.8,14
AAD111,"Roselle (Red sorrel), leaf, raw ",(57),85.6,1.7,0.1,(12.4),-,0.2,9,4,-,-,-,-,-,0,797,66,0.11,0.24,4.5,44
AAD145,"Seaweed, raw",(329),11.6,21.9,-,(60.3),-,6.2,465,92,-,-,15.7,-,-,0,-,-,-,-,-,-
AAD115,"Sesbania, yellow flower, raw ",40,87.1,3.1,0.5,3.2,5.1,1,49,59,-,-,5.2,-,-,0,206,17,0.2,0.26,2.8,32
AAD116,"Sesbania/Cork Wood, young leaf, raw",75,78,7.7,1.5,4.1,7,1.7,254,73,22,343,2.4,-,-,0,4318,360,0.63,0.47,3.7,94
AAD117,"Shallot, leaf, spring onion, raw",32,90.4,1.8,0.3,4.4,2.3,0.8,76,35,17,135,1.8,0.1,0.3,0,829,69,0.04,0.1,0.3,25
AAD53,"Solanum, raw",46,80.9,2.8,0.8,0.2,13.6,1.7,182,132,4,302,0.9,0.21,0.2,0,103,9,0.18,0.13,1.6,18
AAD119,"Soybean sprout, raw",72,83.9,7.9,2.5,4.2,0.6,0.9,51,65,4,180,2.4,-,-,0,0,0,0.15,0.16,1,10
AAD120,"Spinach, amaranth, spine, raw",36,87.8,3.9,0.4,2.8,2.8,2.3,520,75,14,833,4.9,-,-,0,5331,444,0.02,0.28,1,85
AAD122,"Spinach, Chinese, raw",21,92.3,2.5,0.5,0.2,2.7,1.8,63,50,70,533,4.1,0.1,0.9,0,3778,315,0.12,0.31,0.6,37
AAD121,"Spinach, Malabar, raw",18,92.9,1.9,0.1,1.1,2.5,1.5,140,28,15,233,3.1,-,-,0,3351,279,0.06,0.12,0.6,73
AAD123,"Squash/pumpkin, flower, raw",22,92.6,1.7,0.3,2.3,1.7,1.4,63,38,-,-,1.9,-,-,0,395,33,0.04,0.08,0.8,21
AAD124,"Swamp cabbage, kangkong, raw",26,91.4,2.9,0.3,1.9,2.2,1.3,70,38,62,239,3.3,0.12,0.5,0,2741,228,0.08,0.24,0.8,28
AAD125,"Sweet potato, leaf, raw",39,88.6,3.1,0.5,4.4,2,1.4,65,43,24,378,4.9,-,-,0,3985,332,0.1,0.18,0.9,55
AAD127,"Tamarind, young leaf, raw",(68),82.2,3.8,0.3,(12.4),-,1.3,46,48,-,-,1.5,-,-,0,2283,190,0.18,0.21,1.9,32
AAD126,"Tamarind, young pod, raw",55,76.9,1.7,0.2,0p,23,1,-,-,-,-,-,-,-,0,76,6,-,-,-,-
AAD128,"Tomato, raw",23,93.5,1,0.3,3.4,1.2,0.6,17,26,9,151,0.9,0.13,0.2,0,526,44,0.07,0.06,0.4,29
AAD130,"Tomato, cherry, small, raw",23,93.2,1,0.3,3.3,1.7,0.5,9,23,10,204,0.5,0.07,0.2,0,-,-,0.09,0.04,0.7,33
AAD164,"Water lily, stem, raw",8,96.6,0.3,0.1,0.7,1.7,0.6,8,9,-,-,0.4,-,-,0,44,4,-,-,-,9
AAD132,"Water mimosa, raw",38,87.3,4.2,0.4,2,4.9,1.2,63,58,12,228,4.8,0.06,0.4,0,3536,295,0.13,0.33,1.9,29
AAD133,"Watercress, raw",18,93.6,1.9,0.1,1.1,2.5,0.8,158,39,62,249,1.5,-,-,0,1175,98,0.09,0.13,0.7,57
AAD16,"Winged bean, pod, fresh, raw",23,91.4,2.2,0.1,0.9,4.9,0.5,64,28,3,93,0.7,0.16,0.4,0,234,20,0.07,0.1,0.6,19
AAD17,"Yard long bean, pod, green, fresh, raw",35,90.1,2.6,0.6,3.4,2.7,0.6,53,43,15,139,0.8,0.2,0.5,0,246,21,0.1,0.11,0.8,20
AAE2,"Apple, green",53,86.3,0.4,0.2,12.2,0.6,0.3,11,9,35,98,0.8,-,-,0,62,5,0.03,0.03,0.2,4
AAE3,"Apple, red",(63),84.5,0.5,0.4,(14.4),-,0.2,7,9,3,83,0.2,-,-,0,86,7,0.03,0.01,0.3,2
AAE4,"Avocado, green",(168),76.9,1.5,15.7,(5.1),-,0.8,19,37,7,385,1.6,-,-,0,165,14,0.06,0.23,1.2,12
AAE1,"Banana, apple variety, ripe",100,73.2,1,0.2,22.4,2.4,0.8,11,20,6,269,0.4,0.05,0.1,0,87,7,0.04,0.03,0.6,12
AAE13,"Banana, apple, whole, sun- dried",(285),26.4,3.6,0.1,(67.5),-,2.4,13,89,-,-,1.4,-,-,0,-,-,0.05,0.12,-,3
AAE10,"Banana, cavendish, ripe",94,75.7,1.3,0.6,19.9,1.7,0.8,13,19,12,370,0.4,0.2,0.2,0,77,6,0.04,0.04,0.6,8
AAE11,"Banana, dessert banana, dwarf",(104),73.5,1.2,0.3,(24.1),-,0.9,12,26,36,370,0.4,-,-,0,150,13,0.04,0.05,0.6,11
AAE12,"Banana, dessert, Valery, Hom variety",109,70.9,1.3,0.1,24.8,1.9,1,5,21,21,323,0.6,0.05,0.1,0,-,-,0.05,0.05,0.9,5
AAE14,"Banana, pink banana",(96),75.5,1.1,0.3,(22.3),-,0.8,13,20,2,258,0.5,-,-,0,252,21,0.03,0.04,0.7,9
AAE15,"Banana, pisang kari",(112),71.6,0.9,0.3,(26.3),-,0.9,8,33,6,273,0.5,0.1,0.2,0,220,18,0.08,0.01,0.5,8
AAE17,"Banana, rice banana",98,74.1,1.1,0.2,22,1.8,0.8,24,19,6,303,0.4,0.1,0.2,0,190,16,0.03,0.06,0.6,11
AAE135,"Banana, silver bluggoe, Hug- mook variety",(115),71.2,1.1,0.6,(26.4),-,0.7,16,36,-,-,-,-,-,0,279,23,0.08,0.11,0.8,15
AAE19,"Bilimbi, fruit",25,94.3,0.7,1.3,1.9,1.5,0.3,10,6,4,80,0.4,-,-,0,165,14,0.01,0.06,0.8,13
AAE22,Carambola/Star fruit,(32),91.6,0.6,0.1,(7.2),-,0.5,8,14,6,140,0.7,-,-,0,118,10,0.04,0.09,0.8,29
AAE24,"Cashew, fruit",(53),86.6,0.7,0.2,(12.2),-,0.3,4,14,9,83,0.4,-,-,0,25,2,0.02,0.02,1.5,154
AAE25,"Coconut, very immature",(41),90.7,1.6,1.4,(5.6),-,0.7,9,39,9,284,0.9,-,-,0,0,0,0.04,0.03,0.5,5
AAE31,"Durian, assorted",152,64.1,2.4,3.9,25,3.6,1,27,41,25,309,1.2,0.12,0.2,0,150,13,0.3,0.2,1.4,33
AAE35,"Fig, fresh",(49),86.9,2,0.2,(9.7),-,1.2,43,27,2,180,0.6,0.1,0.2,0,16,1,0.14,0.47,-,43
AAE36,"Fruit cocktail, tropical, in syrup, canned",82,79.3,0.3,0.7,17.9,1.6,0.2,17,4,9,-,0.4,-,-,0,53,4,0.01,0.16,0.2,13
AAE43,"Gooseberry, Indian",(70),82.2,0.4,0.1,(16.9),-,0.4,18,4,-,-,0.5,-,-,0,-,-,0.02,0,0.8,243
AAE38,"Grape, assorted",53,85.9,0.6,0.1,11.8,1.1,0.5,20,21,11,136,0.8,0.2,0.1,0,21,2,0.04,0.04,0.2,5
AAE41,"Guava, white flesh",55,83.8,0.9,0.2,10.1,4.4,0.6,21,19,19,97,0.9,0.04,0.5,0,50,4,0.07,0.06,1.2,141
AAE44,"Jackfruit, fresh",(84),78.2,1.3,0.4,(18.7),-,1.4,28,25,46,362,1,-,-,0,108,9,0.08,0.07,0.7,5
AAE47,"Jackfruit, in syrup, canned",100,75.3,0.7,1,21.7,0.9,0.4,11,-,12,-,0.2,-,-,0,-,-,-,-,-,-
AAE49,Jujube,50,86.1,0.9,0.1,10.2,2.2,0.5,34,42,-,-,0.5,-,-,0,65,5,0.02,0.28,0.9,29
AAE50,Lancet/Langsium/Langsat,(67),82.9,0.9,0.1,(15.6),-,0.5,5,35,-,-,0.7,0.09,0.2,0,-,-,0.08,0.04,1.7,24
AAE51,Lemon,"""(31)",92.2,0.6,0.3,(6.5),-,0.4,21,6,17,175,0.3,-,-,0,0,0,0.05,0.03,0.2,32
AAE90,"Lemon, Philippine",(48),88.8,0.7,(1.0),(9.0),-,0.5,29,17,3,457,0.7,-,-,0,0,0,0.03,0.01,0.2,43
AAE53,Litchi,(70),82.4,1,0.4,(15.7),-,0.5,6,31,5,157,0.4,0.07,0.2,0,0,0,0.02,0.08,0.8,24
AAE54,"Litchi, in syrup, canned",95,77,0.4,1,20.9,0.5,0.2,9,-,14,-,0.2,-,-,0,-,-,0.03,0.03,-,4
AAE57,"Longan, dried",(319),17.8,4.6,0.4,(74.3),-,2.9,28,-,5,2012,-,-,-,0,-,-,-,-,-,-
AAE55,"Longan, fresh",71,81.3,1,0.2,15.8,0.9,0.8,15,23,9,216,0.4,0.22,0.4,0,0,0,0.08,0.09,0.5,52
AAE56,"Longan, in syrup, canned",94,77.5,0.3,1.1,20.5,0.3,0.3,10,-,6,-,0.2,-,-,0,-,-,0.02,0.03,-,20
AAE59,"Malay apple, red",(42),89.4,0.5,0.2,(9.5),-,0.4,14,17,-,172,0.7,-,-,0,-,-,0.02,0.04,0.4,14
AAE60,Mandarin/tangerine,42,88.7,1,0.3,8.1,1.5,0.4,57,27,18,122,0.3,0.07,0.1,0,136,11,0.07,0.05,0.3,22
AAE132,"Mango,Kiew-sa- weya variety, unripe",79,78.6,0.8,0.2,17.2,2.7,0.5,6,15,3,142,0.2,0.06,0.1,0,192,16,0.07,0.02,0.5,29
AAE65,"Mango, Indian mango, unripe",49,86.7,0.5,0,11,1.6,0.2,6,12,3,140,0.6,0.1,0,0,261,22,0.03,0.03,0.2,37
AAE72,"Mango, kaew variety, mature, unripe",75,79.6,0.6,0.2,16.2,3,0.4,13,9,3,126,0.6,0.06,-,0,-,-,0.06,0.04,0.4,39
AAE67,"Mango, num-dok-mai variety, ripe",78,79.6,0.9,0.2,17.5,1.2,0.6,6,16,3,144,0.3,0.1,0.1,0,897,75,0.11,0.06,1.8,5
AAE68,"Mango, nung-klangwan variety, ripe",(85),78.7,0.5,0.2,(20.2),-,0.4,25,15,-,-,0.3,-,-,0,-,-,0.07,0.07,0.8,34
AAE69,"Mango, okrong variety, ripe",79,79.3,0.8,0.2,17.9,1.3,0.5,17,17,44,191,0.4,0.06,0.1,0,144,12,0.05,0.07,1.9,10
AAE73,"Mango, pimsen-mun variety, mature, unripe",80,77.7,0.9,0.5,17,1.8,2.1,15,12,-,-,-,-,-,0,-,-,0.04,0.04,0.6,31
AAE74,"Mango, rad variety, mature, unripe",76,79.8,0.5,0.2,16.8,2.3,0.4,20,13,76,138,0.6,0.06,0.1,0,-,0.04,0.05,0.5,19,0
AAE70,"Mango, thong-dum variety, ripe",(82),79.1,0.6,0,(19.9),-,0.4,41,16,-,-,0.4,-,-,-,-,0.03,0.05,-,25,0
AAE71,"Mango, tub-ped variety, ripe",(94),76,1.1,0,(22.3),-,0.6,-,22,-,-,-,-,-,-,-,0.09,0.08,-,45,0
AAE75,Mangosteen,68,82.7,0.6,0.6,14.4,1.5,0.2,11,13,10,63,0.6,0.1,0.1,0,0,0.06,0.03,0.3,3,0
AAE76,"Melon, honeydew",(31),92.3,0.3,(0.3),(6.7),-,0.4,23,12,-,-,0.4,-,-,7,1,0.02,0.02,0.5,8,0
AAE77,Muskmelon,(16),95.4,0.3,0,(3.8),-,0.5,21,15,-,-,0.4,-,-,220,18,0.04,0.02,0.3,30,0
AAE81,"Orange, green skin/Kalanchoe",45,87.5,0.8,0.3,8.6,2.4,0.4,31,18,5,124,1,0.03,0,85,7,0.07,0.03,0.3,33,0
AAE83,"Papaya, ripe",40,89.1,0.9,0.1,8.1,1.3,0.5,25,16,14,135,1.4,0.02,0.1,851,71,0.03,0.05,0.3,62,0
AAE85,Pear,(59),85.1,0.5,0.1,(14.0),-,0.3,21,12,2,62,1,-,-,19,2,0.04,0.03,0.1,5,0
AAE86,"Pear, chinese, yellow",(45),88.7,0.6,0.2,.(10.1),-,0.4,10,10,14,134,0.6,-,-,15,1,0.03,0.06,0.4,5,0
AAE88,"Persimmon, hard variety, ripe",68,81.9,0.6,0.1,15.1,1.9,0.4,47,18,1,103,0.3,-,-,324,27,0.04,0.01,0.2,23,0
AAE91,Pineapple,48,87.2,0.5,0.1,10.8,1,0.4,17,10,21,128,0.6,0.03,0.1,20,2,0.08,0.05,0.2,17,0
AAE93,"Pineapple, dried",(353),10.1,0.9,0,(87.3),-,1.7,35,-,-,-,0.7,-,-,-,-,-,-,-,-,0
AAE94,"Pineapple, slice, in heavy syrup, canned",90,77.2,0.3,0.2,21.3,0.8,0.2,11,3,9,18,0.4,-,-,20,2,0.1,0.01,0.2,6,0
AAE95,Pomegranate,(69),82.1,0.6,0.1,(16.3),-,0.9,19,33,6,323,0.8,-,-,0,0,0.08,0.01,0.4,5,0
AAE96,Pomelo,44,88.4,0.6,0.2,9.6,0.7,0.5,21,22,18,310,0.6,-,-,118,10,0.04,0.03,0.3,59,0
AAE97,"Prune, dried",(288),26.5,2.4,0.6,(68.3),-,2.2,61,74,9,646,3.7,-,-,0,0,0.12,0.17,2,0,0
AAE98,Raisin,(300),24,2.7,0.4,(71.3),-,1.6,74,96,15,632,3.4,-,-,0,0,0.11,0.08,0.2,0,0
AAE99,Rambai,(56),86,0.6,0.4,(12.6),-,0.4,4,17,2,95,1.8,-,-,0,0,0.03,0.07,0.5,31,0
AAE100,Rambutan,(69),82.6,0.9,0.1,(16.0),-,0.4,19,12,14,93,0.7,0.15,0.1,0,0,0.02,0.06,0.4,43,0
AAE101,"Rambutan and pineapple, in syrup, canned",91,78.2,0.4,1.1,19.4,0.7,0.2,11,-,10,-,0.2,-,-,-,-,0.03,0.02,-,7,
AAE102,"Rambutan, in syrup, canned",107,75.1,0.3,1.9,21.6,1,0.1,19,-,10,-,0.2,-,-,0,0p,0p,-,-,-,8
AAE103,Roseapple,(27),93.2,0.6,0.1,(5.9),-,0.2,9,9,2,81,0.3,-,-,0,4,0,0.03,0.02,0.2,21
AAE133,Salak palm,(60),84.5,0.5,0.1,(14.3),-,0.6,8,18,-,-,0.4,-,-,0,-,-,-,0.2,-,6
AAE106,"Sapodilla, ripe",69,79.1,0.5,0.7,11.1,8.1,0.5,30,12,22,94,1.2,0.03,0.1,0,95,8,0.02,0.03,1.2,14
AAE109,Soursop,(72),82,1.2,0.4,(15.8),-,0.6,14,22,2,294,0.6,-,-,0,8,1,0.09,0.08,0.7,27
AAE111,Spanish plum,(88),77.3,0.8,0.2,(20.8),-,0.9,68,39,-,-,1,-,-,0,184,15,0.07,0.13,0.9,30
AAE112,"Star apple, green",60,84.6,0.9,(1.1),10.2,2.6,0.6,43,23,-,-,0.4,-,-,0,4,0,0.02,0.02,0.7,6
AAE114,Star gooseberry,(34),91.7,0.7,0.7,(6.3),-,0.6,5,23,-,-,0.4,-,-,0,5,0,0.01,0.05,-,40
AAE115,Strawberry,26,92.4,0.8,0.2,4.3,1.9,0.4,21,16,3,66,0.8,-,-,0,23,2,0.02,0.02,0.2,59
AAE116,Sugar apple,86,77.2,1.6,0.3,18,2.2,0.7,29,43,4,250,0.7,-,-,0,39,3,0.09,0.13,0.7,26
AAE120,"Tamarind, fruit, ripe",(303),22.3,2.8,0.5,(71.8),-,2.6,135,96,10,158,0.9,-,-,0,10,1,0.29,0.05,0.8,30
AAE58,"Tamarind, Madras thorn",85,77.8,3.4,1,13.8,3.4,0.6,33,47,-,-,0.5,-,-,0,15,1,0.21,0.43,1.1,94
AAE119,"Toddy palm, cotyledon",(116),69.8,2.4,0.1,(26.3),-,1.4,12,112,-,-,0.8,-,-,0,-,-,0.23,0.04,-,7
AAE118,"Toddy palm, in syrup, canned ",93,76.8,0.2,0.5,21.2,1.2,0.1,5,-,11,-,0,-,-,0,0p,0p,-,-,-,0
AAE142,Water chestnut,(91),75.9,1.2,0.1,(21.3),-,1.5,8,64,261,548,1,-,-,0,-,-,0.05,0.03,2.3,7
AAE124,"Water Rose, Nak (redish color) variety",(27),93.2,0.3,0,(6.4),-,0.1,4,12,-,-,0.5,-,-,0,-,-,0.01,0.02,0.1,25
AAE126,Watermelon,24,93.6,0.6,0.1,5.1,0.3,0.3,8,13,6,76,0.2,0.03,0.1,0,255,21,0.03,0.04,0.2,6
AAE125,"Wax jambu, Water Rose, green color variety",30,92,0.5,0.1,6.1,1.1,0.2,5,15,66,107,0.7,-,-,0,-,-,0.03,0.03,0.4,13
AAF9,"Beef, blood",81,77.4,19.5,0.2,0.3,0,2.6,12,30,-,62,46.8,-,-,45,225,64,T,0.03,0.9,0
AAF11,"Beef, brain, raw",124,79.3,9.7,9.5,0,0,1.5,9,260,-,-,1.7,-,-,115,0,115,0.13,0.19,3.8,0
AAF18,"Beef, heart, raw",112,76.1,17.6,4,1.3,0,1,14,150,28,239,4.3,-,-,137,142,149,0.28,0.5,5.1,1
AAF19,"Beef, kidney, raw",89,79.5,16.1,2.3,0.9,0,1.2,26,212,168,188,8.5,-,-,246,476,286,0.31,1,5,5
AAF23,"Beef, liver, raw",133,69.9,20.3,3.5,5,0,1.3,16,304,23,280,10.1,-,-,8212,353,8241,0.28,1.51,11.3,18
AAF188,"Beef, Longissimus dorsi, raw ",-,76.8,-,-,0,-,93,4,238,72,365,2.6,0,3.1,-,-,-,-,-,-,-
AAF25,"Beef, lungs, raw",78.1,16,(1.8),3.1,0,1,84,23,136,114,203,6.1,-,-,71,144,83,0.12,0.21,2.5,6
AAF2,"Beef, meat ball",77.5,16.5,0.7,2.9,0,2.4,191,21,58,779,-,5,-,-,-,-,-,-,-,-,100
AAF44,"Beef, tongue, raw",68,14.2,13.4,3.5,0,0.9,127,25,158,-,-,2.3,-,-,0,100,0.08,0.17,4.2,0,-
AAF185,"Chicken, black, thigh, w/ skin, raw",73.3,22.7,4,0p,0,0.8,30,-,134,-,-,2.4,-,-,-,-,0.16,0.26,1.6,-,-
AAF91,"Chicken, blood, cooked",91.5,7.1,0.2,0,0,1.2,152,10,45,317,47,12.9,-,-,-,-,-,-,0.3,-,16
AAF99,"Chicken, breast, w/ skin, raw",71.2,19.9,8,0p,0,1,152,12,186,71,252,0.9,0.07,0.4,3,16,0.05,0.09,6.8,1,10
AAF100,"Chicken, drumstick, raw",70,17.9,7.2,4,0,0.9,205,10,142,118,201,1,0.14,1.3,0,10,0.07,0.27,3.9,2,17
AAF101,"Chicken, feet, deboned, raw",65.5,25.5,11.4,0p,0,0.8,102,75,78,109,55,1.5,-,-,0,17,0.01,0.08,1.2,1,31
AAF95,"Chicken, gizzard, raw",76,20.2,1.8,1.2,0,0.8,112,13,124,34,206,3.1,0.1,-,20,33,0.05,0.21,3.2,3,75
AAF96,"Chicken, heart, raw",77.8,15.8,5.4,0,0,1,154,14,186,106,260,4,-,-,0,75,0.11,0.42,4.5,6,37
AAF102,"Chicken, intestine, raw",77.3,10.7,12.3,0p,0,0.6,187,17,163,22,90,1.1,-,-,0,37,0.08,0.44,2.3,16,-
AAF186,"Chicken, jungle fowl, wing, w/ skin, raw",66.4,22.1,11,0p,0,0.8,121,-,164,-,-,1.7,-,-,-,-,0.08,0.11,2.1,-,11481
AAF97,"Chicken, liver, raw",73.5,18.6,4.1,2.5,0,1.3,153,13,243,63,213,7.3,0.48,0.5,96,11489,0.32,2.49,8.9,14,-
AAF103,"Chicken, matured, dressed carcass, raw",69.9,22.4,7,0p,0,0.9,198,21,180,113,221,2.2,-,-,-,-,0.15,0.19,7.1,2,10
AAF104,"Chicken, thigh, w/ skin, raw",69.1,17.7,14.1,0p,0,0.9,223,12,113,98,133,0.9,0.07,0.8,0,10,0.08,0.19,4.2,2,28
AAF105,"Chicken, wing, w/ skin, raw",66.9,17.6,17,0p,0,0.8,25,27,128,82,177,1,0.06,1.4,0,28,0.03,0.14,3.4,2,-
AAF190,"Duck, blood, cooked",93.4,5.9,0.1,0p,0,0.7,14,41,161,8,13.7,-,-,-,-,-,0.04,0.1,-,,
AAF110,"Duck, liver, raw",125,73.4,16.4,4.7,4.2,0,1.3,33,192,-,-,13.5,-,-,840,50,844,0.35,1.11,10,4
AAF111,"Duck, meat, raw",233,64.9,15.6,19,0p,0,0.7,14,134,-,-,1.8,-,-,-,-,-,0.09,0.2,5.1,-
AAF114,"Frog, small",80,78.4,15.1,2,0.4,0,4.1,1293,671,122,199,3.8,-,-,-,-,-,0.08,0.53,3.6,-
AAF145,"Mutton, lean, raw",146,71.7,20.4,7.2,0p,0,1.3,11,185,91,256,2.7,-,-,22,0,22,0.15,0.22,4.8,2
AAF148,Nam/Jihn-som,185,65,20.1,11.6,0p,0,3.5,15,132,-,-,1.3,-,-,-,-,0.24,0.1,3.8,-,16
AAF194,"Pork, blood, cooked",49,89,12.1,0.1,0p,0,0.6,14,12,219,28,20.3,-,0.3,-,-,nd,0.1,0.3,-,-
AAF120,"Pork, brain, raw",125,79.5,9.6,9.5,0.2,0,1.2,10,270,-,-,1.2,-,-,-,-,0.18,0.35,2.6,0,6
AAF119,"Pork, ham, raw",159,65.1,18.6,4.7,10.6,0,1,6,187,52,380,0.9,0.1,0.2,T,6,0.83,0.47,8.4,0,6
AAF121,"Pork, heart, raw",114,76.2,16.8,4.5,1.5,0,1,5,160,140,130,3.8,0.5,0.1,5,6,0.32,1,4.9,2,40
AAF124,"Pork, kidney, raw",102,77.3,15.2,3.1,3.3,0,1.1,11,206,-,-,6.2,-,-,10,41,0.32,1.58,9,10,5
AAF149,"Pork, leg, deboned, raw",208,62.9,21.6,12.8,1.7,0,1,32,131,-,-,0.9,-,-,10,6,0.34,0.28,3.8,2,25992
AAF196,"Pork, liver, boiled",174,61.4,29.3,5.1,2.8,0,1.4,11,240,46,130,5,6.1,3.7,-,25992,0.23,3.07,7.9,2,30755
AAF197,"Pork, liver, fried",268,47,33.2,13,4.6,0,2.2,8,370,120,350,14.7,9.2,2.3,-,30755,0.36,4.01,16,0,14513
AAF126,"Pork, liver, raw",125,72,19.2,3.8,3.6,0,1.4,12,308,119,270,15.5,6.4,0.5,20,14515,0.32,1.79,10.6,12,20
AAF130,"Pork, lung, raw",98,80.4,13.6,4.7,0.4,0,0.9,29,174,-,-,4.8,-,-,-,20,0.09,0.27,2.5,10,-
AAF187,"Pork, pancreas, raw",86,78.4,16.9,1.2,1.8,0,1.7,7,27,-,-,65.5,-,-,-,-,0.22,0.42,2,0,4
AAF150,"Pork, rib, deboned, raw",210,63.7,17.1,13.8,4.4,0,1,31,134,100,240,1.1,0.1,1.5,20,6,0.65,0.14,4.2,1,4
AAF158,"Pork, shoulder, raw",189,69.3,18.4,12.8,0p,0,1,3,170,45,330,0.9,0.1,0.4,-,4,1,0.48,4.2,0,0
AAF152,"Pork, shoulder, broiled",284,44.5,35.9,14,3.6,0,2,8,340,150,610,1.4,0.2,1.5,-,0,0.68,0.42,5.6,0,1
AAF202,"Pork, shoulder, fried",296,44.3,35,16.3,2.4,0,2,4,320,120,620,1.2,0.1,1.7,-,1,0.78,0.41,5,0,59
AAF159,"Pork, skin, fried",625,1.2,52.7,46,0p,0,0.6,31,54,-,-,2.4,-,-,T,59,0.03,0.09,1.6,0,0
AAF204,"Pork, tenderloin, raw",116,74.5,21.8,3.2,0p,0,1.3,4,237,97,381,1,0.1,1,-,1.35,0.34,4.5,0,30,0
AAF164,"Rabbit, whole carcass, raw",126,72.1,21.7,3.8,1.2,0,1.2,16,213,53,403,1.3,-,-,30,0.07,0.07,7,3,,
AAG1,"Anchovy, dried",242,24.9,53.4,2.8,0.7,0,18.2,1241,728,341,639,4.7,-,-,8,0,8,0.08,0.09,3.7,0
AAG2,"Anchovy, fresh, whole",81,78.9,18.5,0.7,0.1,0,1.8,168,226,584,133,1,-,-,18,0,18,0.06,0.07,1.8,0
AAG136,"Baby clams, smoked, canned",358,45.3,14.6,30.4,5.7,2,2.4,91,-,554,-,24.2,-,-,-,-,-,-,-,-,-
AAG18,"Carp, common, raw",105,76,17,2.7,3.2,0,1.1,26,179,78,332,1.2,-,-,36,10,37,0.01,0.09,3.1,0
AAG22,"Catfish, freshwater, raw",102,78,18.5,3.1,0p,0,1.1,44,189,33,302,1,-,-,115,31,118,0.04,0.07,2.5,1
AAG25,"Catfish, gunther's walking, boiled",212,65.2,18.2,15.5,0,0,1.1,22,154,45,354,0.7,0,0.5,-,-,-,0.1,-,-,-
AAG26,"Catfish, gunther's walking, fried",315,51.8,28.1,22.5,0p,0,1.9,91,289,95,470,2.3,0.1,0.5,-,-,-,0.09,0.23,4.1,-
AAG24,"Catfish, gunther's walking, raw",209,65.1,17.8,14.7,1.3,0,1.1,20,168,65,288,0.8,0.1,0.2,-,-,-,0.01,0.45,2.3,-
AAG27,"Catfish, gunther's walking, roasted",276,52,27.8,17.9,0.9,0,1.4,103,245,91,408,3.9,0.2,1,-,-,-,0.09,0.13,4.3,-
AAG217,"Catfish, striped,, w/ skin, raw",215,66.1,15,16.5,1.5,0,0.9,24,134,64,272,1.4,0,0.1,-,-,-,0.02,0.19,0.8,2
AAG218,"Catfish, striped, w/ skin, steamed",188,66,20.3,11.2,1.4,0,1.1,24,154,66,248,0.6,0,0.1,-,-,-,ND,0.17,1.2,-
AAG160,"Catfish, truncated estuarine, raw",92,78.4,18.7,1.9,0.1,0,0.9,98,168,-,-,4.2,-,-,-,-,-,0.17,-,1.3,-
AAG250,"Clam, undulated surf",64,82.3,10.3,0.5,4.5,0,2.4,94,112,-,-,5.7,-,-,-,-,-,0,0.16,-,2
AAG288,"Cobia/Black kingfish, raw",92,78.4,18.7,1.9,0.1,0,0.9,98,168,-,-,4.2,-,-,-,-,0.17,1.3,-,94,78
AAG224,"Cockle/ark shell, fresh",71,81.3,11.7,1.1,3.5,0,2.4,181,135,325,228,10.5,0.21,2.4,101,0.06,0.35,2.1,-,279,58
AAG38,"Crab, shore, raw",104,71.3,13.1,3.6,4.9,0,7.1,3576,320,-,-,2.9,-,-,284,0.03,0.65,2.5,0,54,110
AAG39,"Crabmeat, mud, boiled",86,78.1,17.7,1.6,0.3,0,2.3,206,246,327,209,1.2,1.3,3.1,63,0.02,0.31,2.2,0,199,232
AAG40,"Crabmeat, mud, fresh",98,77.7,17.9,2.9,0p,0,2,183,232,-,-,2.6,-,-,218,0.05,0.17,3.4,0,93,0
AAG41,"Cuttlefish, dried",295,26,60.4,3.7,4.9,0,5,62,523,1000,583,4.2,-,-,93,0.05,0.12,9.3,0,22,0
AAG42,"Cuttlefish, raw",72,84.5,15.9,0.9,0p,0,1.2,16,93,213,67,1.1,-,-,22,0.01,0.08,1.5,2,185,3
AAG44,"Eel, silver pike (daggertooth pike conger), sea water, raw",88,79.2,18.8,1.4,0p,0,1.3,63,179,-,-,0.8,-,-,185,0.11,0.04,2.7,0,,
AAG146,"Eel, swamp, boiled",92,76.9,20.7,0.6,0.9,0,0.9,23,139,64,248,1.6,0.1,0.7,-,-,-,0,0.99,2.1,-
AAG286,"Eel, swamp, raw",86,78.9,19.7,0.8,0p,0,1.1,33,153,58,253,1.7,0,0.8,-,-,-,0.07,0.09,8.8,0
AAG45,"Featherback, grey (knifefish), raw",94,77.1,19.6,1.5,0.5,0,1.3,77,176,19,245,0.3,-,-,87,0,87,0,0.03,3.7,5
AAG62,"Featherback, grey (knifefish), roasted",366,3.9,81.7,0.1,9.5,0,4.8,536,214,-,-,2.3,-,-,-,-,-,0.01,0.21,-,-
AAG208,"Featherback, spotted (knifefish) flesh, cooked",82,79.6,16,0.8,2.7,0,0.9,58,108,147,118,0.6,0.1,0.1,-,-,-,0,0.29,0.7,-
AAG206,"Featherback, spotted (knifefish), flesh, raw",84,79.9,17.5,1.6,0,0,1,45,172,-,-,1.2,-,-,-,-,-,0.04,0.07,8.5,-
AAG207,"Featherback, spotted (knifefish), raw",78,80.3,16.7,1.2,0.2,0,1.6,75,156,193,219,1.2,0,0.1,-,-,-,0.01,0.32,1.3,-
AAG225,"Fermented fish (Pla-ra), canned",(70),80.8,5.4,3.4,(4.4),-,6,-,-,-,-,-,-,-,-,-,-,-,-,-,-
AAG46,"Fermented fish (Pla-ra), from markets",102,53.4,13.3,3.9,3.2,1,25.7,1477,806,6267,195,5.5,-,-,3,-,3,0.01,0.13,0.8,-
AAG48,"Fish ball, uncooked Bebola ikan(MY)",92,76.7,10.5,1.6,8.9,0,2.2,45,91,662,83,0.8,-,-,19,25,21,0.02,0.13,0.8,0
AAG52,"Fish, maw, dried, raw",279,23.5,64.1,0.5,4.4,0,7.5,31,-,-,-,-,-,-,-,-,-,-,-,-,-
AAG166,"Flatfish/Turbot, Indian (halibut), raw",87,77.1,21.2,0.2,0.2,0,1.3,50,192,108,449,0.5,-,-,55,5,55,0.04,0.06,3.7,0
AAG55,"Giant seaperch, boiled",136,71.8,23.7,4.6,0p,0,1,48,179,67,207,0.4,0.1,0,-,-,-,0.06,0.09,2.5,-
AAG99,"Giant seaperch, raw",111,75.5,20.5,3.2,0p,0,1.2,26,202,56,329,0.4,0.09,0,15,0,15,0.1,0.16,2.1,0
AAG56,"Giant seaperch, steamed",138,70.8,21.2,5.2,1.7,0,1.1,39,188,70,224,0.6,0.1,0,-,-,-,0.04,0.11,2.3,0
AAG57,"Goby, all species, raw",80,79.6,18.5,0.6,0.1,0,1.2,40,162,56,362,0.7,-,-,56,13,57,0.02,0.14,1.8,2
AAG59,"Gourami, giant, raw",97,78.5,17.3,2.9,0.3,0,1,102,189,20,312,0.8,-,-,84,10,85,0.08,0.19,1.5,0
AAG138,"Gourami, snake skin, dried",265,36.2,45.3,9,0.6,0,8.9,213,90,-,-,1.6,-,-,-,-,-,0.13,0.4,-,-
AAG60,"Gourami, snake skin, raw",83,79.9,17.6,1.3,0.1,0,1.1,59,188,10,267,1.8,-,-,24,0,24,0.55,0.28,1.8,3
AAG179,"Gourami, snake skin, salted, dried, boiled",166,58.6,30.8,4.8,0p,0,6,156,166,1793,222,1.3,0.1,0.6,-,-,-,0.1,0.31,2,-
AAG180,"Gourami, snake skin, salted, dried, fried",347,25.7,44.1,19,0p,0,12.1,349,379,3220,470,2.9,0.2,0.5,-,-,-,0.12,0.43,3,-
AAG181,"Gourami, snake skin, salted, dried, grilled",265,35.2,46.1,9,0p,0,12.1,238,325,3244,444,1.8,0.1,0.4,-,-,-,0.12,0.56,3.3,-
AAG269,"Grouper, fried",241,53.3,32,12.5,0.1,0,2.1,164,315,268,293,0.7,0,0.2,-,-,-,0.01,0.08,1.6,-
AAG268,"Grouper, raw",82,79,18.9,0.6,0.3,0,1.2,54,146,165,198,0.4,0,0.2,-,-,-,0.02,0.04,1.2,-
AAG270,"Grouper, steamed",103,73.8,23.9,0.7,0.2,0,1.4,122,193,164,303,0.5,0,0.2,-,-,-,0.01,0.04,1.3,-
AAG71,"Jellyfish, dried",53,72.2,7.1,0.3,5.5,0,14.9,124,40,-,-,1.9,-,-,0,0,0,0.01,0.03,T,0
AAG77,"Mackerel, Indian, raw",119,73.4,21.5,3.7,0p,0,1.5,48,263,59,370,1.8,-,-,24,4,24,0.09,0.14,4.7,0
AAG226,"Mackerel, salted",145,54.8,24.4,4.2,2.3,0,14.3,131,50,-,-,-,-,-,-,-,0.1,0.24,-,-,-
AAG199,"Mackerel, short- bodied, steamed",233,53.6,27.5,13.6,0.1,0,5.2,190,361,1018,726,1.6,0.2,1.1,-,-,0.18,0.25,5.9,-,-
AAG195,"Mackerel, short-bodied, boiled",145,69.4,23.4,5.6,0.2,0,1.4,93,267,101,216,1.1,0.1,0.7,-,-,0.08,0.14,5.1,-,-
AAG196,"Mackerel, short-bodied, fried",236,56.2,28,13.6,0.3,0,1.9,114,343,132,333,2.4,0.2,1,-,-,0.13,0.22,1.7,-,-
AAG75,"Mackerel, short-bodied, in oil, canned",138,68.3,23,4.9,0.5,0,3.3,506,-,417,-,2,-,-,-,-,-,-,-,-,-
AAG78,"Mackerel, short-bodied, in tomato sauce and chilli, canned",101,75.4,15.2,3.3,1.8,1.7,2.6,276,-,389,-,2.1,-,-,-,-,-,-,-,-,8
AAG76,"Mackerel, short-bodied, in tomato sauce, canned",98,76.3,15.2,3.6,0.5,1.6,2.8,343,261,347,-,2,-,-,-,8,0.03,0.26,5.2,4,102
AAG129,"Mackerel, short-bodied, raw",122,74.1,21.4,4,0p,0,1.5,62,250,97,331,1.4,0.2,0.6,61,107,0.11,0.24,7.1,5,8
AAG76,"Mackerel, short-bodied, in tomato sauce, canned",98,76.3,15.2,3.6,0.5,1.6,2.8,343,261,347,-,2,-,-,-,8,0.03,0.26,5.2,4,-
AAG198,"Mackerel, short-bodied, steamed, fried",120,70.4,21.9,2.7,1.9,0,3.1,193,254,568,444,1.4,0.1,0.9,-,-,0.13,0.18,4.7,-,-
AAG201,"Mackerel, Spanish, fried",190,61.2,28.2,8.5,0.2,0,1.9,27,312,161,390,0.5,0.1,0.2,-,-,0.04,0.23,3.2,-,134
AAG141,"Mackerel, Spanish, sliced, raw",103,76.3,19.4,2.8,0,0,1.5,17,230,109,228,0.8,0,0.4,45,138,0.03,0.1,3.3,0,20
AAG262,"Mullet, bluespot gray, raw",117,76.3,24.7,2,0p,0,1.7,94,217,-,-,4.3,-,-,-,20,0.04,0.19,4.1,-,-
AAG255,"Mussel, green, raw",53,85.4,9.3,0.9,2,0,2.4,25,178,211,72,10.3,0.2,1,-,-,0.01,0.26,1.9,11,-
AAG221,"Nile tilapia, boiled",123,73.4,21.4,4.2,0p,0,1.1,190,173,74,344,1,0,0.2,-,-,0.04,0.22,2.3,-,-
AAG222,"Nile tilapia, fried",44.7,30.9,21.8,0.3,0,2.3,58,264,328,146,600,2.1,0.1,0.4,-,-,0.04,0.42,2.5,-,96
AAG95,"Oyster, raw",86.4,7.5,1.9,2.6,0,1.6,145,110,102,40,22,5.2,6.39,7.1,15,97,0.23,0.21,2.2,7,38
AAG98,"Perch, climbing",76.7,17.9,8.2,0p,0,1.2,259,110,184,22,231,1.2,-,-,0,38,0.03,0.39,2.9,1,54
AAG9,"Pomfret, black, fried",49.8,31.8,14.3,0.8,0,3.3,114,297,157,311,1.4,0.09,0.7,0,54,0.28,0.28,0.3,0,,
AAG102,"Pomfret, black, raw",102,76.3,19.8,2.5,0.1,0,1.3,43,204,94,196,0.6,0,0.3,43,204,94,196,0.6,0,0.3
AAG10,"Pomfret, black, steamed",160,67.2,22.8,6.9,1.6,0,1.5,97,0,97,0.23,0.16,3.8,0,97,0,97,0.23,0.16,3.8,0
AAG193,"Pomfret, silver, fried",335,44.4,32.7,22.7,0p,0,1.8,58,208,105,214,0.7,0.1,0.3,58,208,105,214,0.7,0.1,0.3
AAG194,"Pomfret, silver, steamed",158,70.3,22.9,7.4,0p,0,1,-,-,-,0.24,0.15,1.6,-,-,-,-,0.24,0.15,1.6,-
AAG103,"Pomfret, silver/white, raw",126,75.2,19.4,5.4,0p,0,1.1,32,325,206,277,0.7,0.1,0.9,32,325,206,277,0.7,0.1,0.9
AAG283,"Prawn, fresh water, giant, raw",108,76.3,17.9,3.7,0.8,0,1.3,-,-,-,0.17,0.12,3.4,-,-,-,-,0.17,0.12,3.4,-
AAG105,"Prawn, fresh water, raw",98,75.5,17.5,1.7,3.1,0,2.2,23,161,301,173,0.5,0.1,0.2,23,161,301,173,0.5,0.1,0.2
AAG106,"Prawn, giant tiger, headless, frozen",88,77.5,20,0.9,0p,0,1.8,-,-,-,0.1,0.08,2.5,-,-,-,-,0.1,0.08,2.5,-
AAG282,"Prawn, green tiger, raw",79.6,-,-,-,-,-,176,15,185,145,263,0.6,0.1,0.3,15,185,145,263,0.6,0.1,0.3
AAG232,"Queenfish, Slender, dried",43.7,37.8,2.8,0p,0,16,106,27,0,27,0.1,0.09,2,1,27,0,27,0.1,0.09,2,1
AAG3,Radiated scallop,72.8,22.3,0.4,3.3,0,1.2,133,17,141,-,-,-,-,-,17,141,-,-,-,-,-
AAG113,"Sardine, in oil, canned, drained ",69.8,22.2,4.9,0.1,0,3,69,-,-,-,-,0.09,1.9,1,-,-,-,-,0.09,1.9,1
AAG116,"Sardine, in tomato sauce and chilli, canned",80.5,10.6,1.3,2.7,2,2.9,93,44,212,-,-,1.7,-,-,44,212,-,-,1.7,-,-
AAG115,"Sardine, in tomato sauce, canned",76.2,12.3,2.2,5.6,1,2.7,(152),18,4,18,0.04,0.39,3.6,0,18,4,18,0.04,0.39,3.6,0
AAG112,"Sardine, w/ lemon, in oil, canned, drained",66.7,23,6.7,(0p),-,3.7,102,209,-,114,-,0.5,-,-,209,-,114,-,0.5,-,-
AAG117,"Scad, big-eyed/caranx, raw",76.2,21.2,1.9,0p,0,1.5,166,-,-,-,-,-,-,-,-,-,-,-,-,-,-
AAG118,"Scad, hardtail (torpedo), dried",46.3,37.4,1.8,0p,0,15.1,93,65,280,181,325,2.2,0.7,1.4,65,280,181,325,2.2,0.7,1.4
AAG119,"Scad, hardtail (torpedo), raw",76.4,21.3,0.8,0.2,0,1.3,21,-,-,-,-,0.1,5,0,-,-,-,-,0.1,5,0
AAG284,"Sea cucumber/sea slug, cleaned, raw",94.5,4.8,0.2,0.1,0,0.4,194,253,407,-,-,9,-,-,253,407,-,-,9,-,-
AAG228,Sea horse,24.7,28.5,0.4,19.2,0,27.2,282,-,-,-,0.13,0.14,11.5,-,-,-,-,0.13,0.14,11.5,-
AAG124,"Shark fins, dried",24.4,61.6,2.3,3.8,0,7.9,106,14,138,-,-,0.6,-,-,14,138,-,-,0.6,-,-
AAG127,"Sheat-fish, raw",75.6,16.3,2.5,4.5,0,1.1,-,-,-,0.05,0.02,-,-,-,-,-,0.05,0.02,-,-,
AAG132,"Shrimp, dried ",316,13.8,69.1,4,1,0,12.1,770,517,547,365,5.3,2.4,3.2,40,-,-,-,-,0.1,-
AAG237,"Shrimp, salted, dried",263,16.1,46.4,2.9,12.8,0,21.8,2305,625,-,-,20,-,-,-,-,-,0.05,0.2,5.7,-
AAG34,"Silver- barb, common, raw",124,74,21.1,4.4,0p,0,1.3,32,172,90,202,0.6,0.1,0.1,-,-,-,0.02,0.06,3.1,-
AAG176,"Silver-barb, common, boiled",177,68.2,19.3,10.7,0.8,0,1,37,179,64,188,0.6,0.1,0.2,-,-,-,0,0.14,2.3,-
AAG177,"Silver-barb, common, fried",311,49.3,25.5,22.8,0.9,0,1.5,78,257,106,313,1.7,0.1,0.4,-,-,-,0.04,0.14,3.4,-
AAG135,"Slipmouth, ponyfish, raw",84,79.2,18.8,1,0p,0,1.3,56,181,99,227,0.5,-,-,29,18,31,0.02,0.08,2.5,0
AAG53,"Snail, fresh water, all species",84,77.2,11.5,0.7,7.9,0,2.7,1334,128,-,-,-,-,-,-,-,-,0.01,0.06,1,-
AAG253,"Snail, pond, river",74,79.3,12.1,0.7,4.9,0,3,-,114,-,-,8.7,-,-,-,-,-,0.01,0.6,3.4,0
AAG92,"Snakehead, striped, dried",249,38.1,45.7,7,0.8,0,8.4,194,184,-,-,3.3,-,-,-,-,-,0.03,0.06,-,-
AAG184,"Snapper, red, Malabar, boiled",104,74.2,23.9,0.9,0,0,1,55,178,114,195,0.4,0,1.2,-,-,-,0.02,0.18,3.2,-
AAG185,"Snapper, red, Malabar, fried",215,58.3,29.3,10.9,0p,0,1.6,101,272,189,321,0.5,0,0.2,-,-,-,0.02,0.07,3.9,-
AAG183,"Snapper, red, Malabar, raw",72,81.5,16.9,0.5,0,0,1.1,31,144,104,182,0.6,0,0.1,28,T,28,0.04,0.08,3,0
AAG186,"Snapper, red, Malabar, steamed",98,75.3,22.9,0.7,0p,0,1.2,39,171,107,230,0.3,0,0.2,-,-,-,0.03,0.07,-,-
AAG140,"Snapper, russell, raw",82,78.5,19.5,0.3,0.2,0,1.5,46,211,79,300,0.5,-,-,4,0,4,0.04,0.09,2.1,0
AAG204,"Squid, splendid, dried",252,36.2,47.9,5.6,2.5,0,7.8,24,-,-,-,-,-,-,-,-,-,-,-,-,-
AAG202,"Squid, splendid, raw",68,82.5,15.4,0.4,0.6,0,1.1,8,163,254,107,2.1,0.2,1.1,-,-,-,-,-,-,-
AAG203,"Squid, splendid, salted and dried",299,24.1,62.4,3.8,3.7,0,6,78,282,-,-,1.6,-,-,-,-,-,0.04,0.12,-,-
AAG205,"Squid, splendid, skin removed, whole cleaned, frozen",59,85.6,11.8,1,0.7,0,0.9,12,-,238,-,0.5,-,-,-,-,-,-,-,-,-
AAG143,"Sting ray, blue spotted, raw",88,78.1,21.3,0.3,0p,0,1.4,18,103,80,220,0.6,-,-,11,2,11,0.04,0.06,2.7,0
AAG151,"Threadfin, all species, raw",108,77,20.2,3,0p,0,1.3,32,197,29,226,0.5,-,-,10,1,10,0.1,0.07,3.5,1
AAG150,"Threadfin, dried",178,44.8,40.1,1.9,0p,0,15.3,112,166,3158,122,1,-,-,44,0,44,0.08,0.15,3.9,0
AAG15,"Tilapia, all species, raw",94,77.7,18.4,1.9,0.8,0,1.2,46,194,56,292,0.8,0,0.2,31,3,31,0.03,0.1,2.2,0
AAG6,"Trevally, black-banded, fried",241,56.8,26,15,0.4,0,1.8,91,256,249,362,0.8,0.1,0.5,-,-,-,0.06,0.16,4.7,-
AAG7,"Trevally, black-banded, grilled",146,70.4,22.1,6.4,0p,0,1.2,62,201,206,276,0.5,0,0.4,-,-,-,0.06,0.12,4.7,-
AAG4,"Trevally, black-banded, raw",134,71.9,18.6,5.3,2.9,0,1.3,42,108,284,274,0.6,0.1,0.3,-,-,-,0.04,0.11,5.7,-
AAG8,"Trevally, black-banded, steamed",163,68.1,21.2,8.6,0.3,0,1.8,62,173,344,264,0.8,0.1,0.7,-,-,-,0.05,0.13,6.7,-
AAG238,"Tuna, Skipjack or Yellow Fin,  canned in brine, drained",105,73.1,23.9,0.7,0.8,0,1.5,8,-,269,-,1.1,-,-,4,0p,4,-,-,-,-
AAG239,"Tuna, Skipjack or Yellow Fin, canned in oil, drained",176,70.1,22.4,9.6,0p,0,1.6,10,-,276,-,1.2,-,-,-,-,-,-,-,-,-
AAG241,"Tuna, Skipjack or Yellow Fin, canned in water, drained",113,73,26.1,0.9,0p,0,0.9,10,-,95,-,1.1,-,-,-,-,-,-,-,-,0
AAG171,"Wedge shell, bean clam (Donax), fermented",(149),43.9,10.6,0.5,(25.5),-,19.5,-,-,-,-,-,-,-,-,-,-,-,-,-,-
AAG172,"Whiting, common/silver, raw",89,77.5,20.8,0.6,0p,0,1.4,86,211,80,358,0.6,-,-,24,0,24,0.05,0.05,3.7,0
AAH2,"Egg, century",190,63.1,13.2,10.5,10.7,0,2.5,63,170,345,90,4.7,-,-,146,279,169,0.02,0.4,0.4,0
AAH3 (N),"Egg, duck, boiled",157,73.2,13.2,11.3,0.7,0,1.7,78,195,128,139,2.2,0.08,1.1,181,25,183,0.22,0.45,0.12,0
AAH7,"Egg, duck, salted",190,64.6,13.9,12.5,5.4,0,3.6,97,198,510,148,2.3,-,-,208,14,209,0.25,1.04,0.6,0
AAH8,"Egg, duck, white",52,86.5,12.8,(0.1),0,0,0.6,10,21,207,169,0.1,0.15,0.1,19,0,19,0.01,0.02,0.1,0
AAH9,"Egg, duck, whole",183,70.1,12.6,13.6,2.5,0,1.2,62,206,145,113,3.2,0.18,1,292,436,328,0.23,0.38,0.1,0
AAH10,"Egg, duck, yolk",364,48.6,14.7,32.9,2.3,0,1.5,146,415,103,88,3.9,-,2.4,852,724,912,0.72,0.66,1.4,0
AAH11,"Egg, hen, omelet",259,64.3,7,24.3,3.1,0,1.3,-,-,-,-,-,-,-,-,-,-,-,-,-,-
AAH13,"Egg, hen, steamed",75,84.7,4.9,4.8,3.1,0,2.5,-,-,-,-,-,-,-,-,-,-,-,-,-,-
AAH14,"Egg, hen, white",52,86.7,10.9,0.4,1.3,0,0.7,10,14,179,151,0.4,0.03,0.4,6,0,6,0.01,0.28,0.4,0
AAH12,"Egg, hen, whole",159,72.9,13.2,11.1,1.5,0,1.3,56,200,150,125,2.8,0.17,1.1,323,23,325,0.13,0.35,0.2,0
AAH15 (N),"Egg, hen, whole, boiled",152,74.2,13.4,10.4,1.2,0,0.9,60,189,134,125,2.6,0.03,1.1,160,15,161,0.08,0.4,0.09,0
AAH16,"Egg, hen, yolk",332,52,14.8,29.5,1.9,0,1.8,133,482,106,102,6.5,0.19,2.4,620,60,625,0.31,0.48,0.2,0
AAH17,"Egg, quail, in brine",173,71,13,12.4,2.3,0,1.3,47,-,233,-,2.4,-,-,179,-,179,-,-,-,-
AAH19,"Egg, quail, whole, boiled",168,72.6,12.4,12.4,1.6,0,1,68,203,113,133,2.9,-,-,217,54,222,0.12,0.78,0.5,0
AAH23,"Egg, turtle, whole",128,78,11.9,8.9,0.1,0,1.1,75,205,124,153,1.6,-,-,19,4,19,0.11,0.4,0,0
AAH24,"Roe, bluespot grey mullet, salted",480,22.2,41.7,34.8,0p,0,3.8,19,564,-,-,1.3,-,-,-,-,-,0.48,1.08,2.6,-
AAH26,"Roe, fish, raw",134,72.5,19.9,5.7,0.7,0,1.2,35,255,133,137,1.5,-,-,86,13,87,0.08,0.03,0.7,0
AAJ3,"Cheese, processed, cheddar",323,42,21.7,23,7.3,0,6,563,517,1330,78,0.7,-,-,82,121,92,0.02,0.35,0.1,0
AAJ5,Cream milk,267,66.4,2.4,27,3.6,0,0.6,88,66,-,-,0.2,-,-,124,233,143,0.05,0.24,0.1,0
AAJ11,"Milk, buffalo, fluid, full cream",131,78.6,6.2,9.8,4.6,0,0.8,189,117,-,-,0.2,-,-,54,21,56,0.04,0.06,1.3,0
AAJ12,"Milk, cow, fresh",68,87.4,3.5,4.1,4.2,0,0.8,122,90,13,104,0.3,-,-,34,13,35,0.04,0.19,0.2,1
AAJ44,"Milk, cultured, yakult, per 100 ml",83,85.5,1.5,0.1,19,0,0.4,51,47,-,-,0.6,-,-,-,-,-,-,0.21,0.4,1
AAJ14,"Milk, evaporated, filled",134,72.9,7.7,6.7,10.8,0,1.9,320,206,129,4,0.2,-,-,158,11,159,0.06,0.09,T,0
AAJ15,"Milk, filled, condensed, sweetenned, w/ palm oil and butter",339,25.4,8.5,9.5,54.8,0,1.8,292,227,106,268,0.3,-,-,280,0,280,0.59,0.44,0.2,1
AAJ16,"Milk, goat, fluid, full cream",71,86.7,3.6,4.1,4.8,0,0.8,136,111,-,-,0.4,-,-,35,0,35,0.04,0.42,0.3,2
AAJ40,"Milk, human, 1 month lactation, per 100 ml",53,90.5,0.9,2,7.8,0,0.3,33,12,-,-,0.1,-,-,-,-,-,0.01,0.03,0.2,-
AAJ17,"Milk, human, 3 month lactation, per 100 ml",56,90.1,0.8,2.5,7.7,0,0.3,26,11,-,-,0.3,-,-,-,-,-,0.01,0.02,0.2,0
AAJ41,"Milk, human, 6 month lactation, per 100 ml",56,90.5,0.8,2.5,7.6,0,0.2,23,10,-,-,0.1,-,-,-,-,-,0.01,0.02,0.2,-
AAJ19,"Milk, pasteurised, chocolate flavour, per 100 ml",83,87,3,3.2,10.6,0,0.9,101,89,47,-,0.1,-,-,35,-,35,0.03,0.19,-,-
AAJ18,"Milk, pasteurised, coffee flavour, per 100 ml",70,88.3,2.7,2.5,9.1,0,0.8,98,-,48,-,0.1,-,-,36,-,36,0.03,0.2,-,-
AAJ20,"Milk, pasteurised, natural, per 100 ml",62,90.6,3.2,3.7,3.9,0,0.8,102,81,45,-,0.1,-,-,35,-,35,0.04,0.21,-,-
AAJ21,"Milk, pasteurised, strawberry flavour, per 100 ml",76,87.9,2.9,3.2,8.8,0,0.7,103,-,53,-,0.2,-,-,26,-,26,0.04,0.21,-,-
AAJ22,"Milk, powder, full cream",495,2.9,25.7,25.7,40.3,0,5.4,810,707,320,844,3,0.02,4.1,516,119,526,0.5,1.4,1.6,26
AAJ25,"Milk, powder, infant formula",500,2.6,16.6,24.9,52.4,0,3.5,566,349,188,486,5.9,-,-,311,83,318,0.56,1.31,0.7,-
AAJ43,"Milk, powder, reduced fat",405,2.9,30.4,11.6,44.8,0,10.3,1734,828,338,1322,15.3,0.02,3.3,1450,-,1450,0.42,1.79,1,121
AAJ45,"Milk, sterilised, per 100 ml",61,89.7,3.3,3.4,4.2,0,0.9,114,82,52,-,0.2,-,-,35,-,35,0.03,0.11,T,4
AAJ31,"Milk, sweetened, condensed",337,25.1,8.2,8.9,56,0,1.8,302,213,120,6,0.4,-,-,223,46,227,0.32,0.43,0.4,0p
AAJ33,"Milk, UHT, chocolate flavour ",73,83.6,3.3,2.1,10.3,0,0.7,120,87,54,126,0.3,-,-,13,5,13,0.03,0.36,0.2,1
AAJ46,"Milk, UHT, chocolate flavour, per 100 ml",79,88,3.2,2.6,10.6,0,0.9,121,89,48,154,0.2,-,-,18,-,18,0.02,0.14,0.1,0
AAJ47,"Milk, UHT, full cream, per 100 ml",67,89.3,3.3,3.8,4.9,0,0.9,113,90,51,123,0.1,-,-,29,-,29,0.04,0.2,-,-
AAJ32,"Milk,whole,pasteurised, sweetenned, per 100 ml",77,88.4,3.2,3.3,8.5,0,0.8,96,81,48,-,0.1,-,-,33,-,33,0.03,0.4,0.5,-
AAJ35,Yoghurt,76,85.1,4.8,4.1,5,0,1,150,110,-,-,0.1,-,-,77,36,80,0.06,0.36,0.7,0
AAJ36,"Yoghurt, cream, flavour",(182),67.6,3.5,11.3,(16.6),-,1,140,113,69,116,0.2,-,-,38,24,40,0.04,0.21,0.1,0
AAJ37,"Yoghurt, drinking, pasteurised, different flavours (except natural flavoured), average, per 100 ml",86,85,2,1.6,16,0,0.4,53,45,35,-,0.2,-,-,14,-,14,0.02,0.09,-,-
AAJ38,"Yoghurt, drinking, pasteurised, natural flavoured, per 100 ml",82,84.9,1.5,2,14.6,0,0.4,51,54,-,-,-,-,-,15,-,15,-,0.09,-,-
AAK23,"Butter, pure creamery, salted",758,14,0.4,84,0p,0,2.2,15,-,563,-,0.2,-,-,415,-,415,0p,0p,-,0
AAK1,"Butter, unsalted",760,15.6,0.7,84.1,0p,0,0.1,21,-,11,-,0.2,-,-,685,-,685,0p,0.12,1,0
AAK3,Coconut cream,(310),61,4.2,31.6,(2.2),-,1,12,103,16,445,1.5,-,-,0,0,0,0.06,0.01,0.4,0
AAK4,"Coconut milk, canned, per 100 ml",184,75.9,1.9,19,1.4,0.1,0.7,5,-,19,-,0.6,-,-,-,-,-,-,-,0,0
AAK5,"Coconut milk, powder, instant",668,2.3,8.9,57.2,28.9,0.9,1.8,19,184,100,531,1.9,-,-,0,0,0.08,0.04,0.2,1,0
AAK6,"Coconut, mature kernel",362,49.3,5.2,35.3,2.7,6.5,1,24,117,3,281,10.7,-,-,0,0,0.06,0.01,0.2,2,61
AAK9,Mayonnaise,712,16.2,1.8,76.7,3.6,0,1.7,19,22,515,-,0.6,-,-,T,61,0.02,0.02,-,0p,-
AAK24,"Oil, corn",833,-,0p,92.6,0p,0,-,-,-,-,-,-,-,-,-,-,0p,0p,-,0,-
AAK28,"Oil, palm, per 100 ml",791,-,0p,87.9,0p,0,-,-,-,-,-,-,-,-,-,-,0p,0p,-,0,-
AAK29,"Oil, soybean, per 100 ml",817,-,0p,90.8,0p,0,-,-,-,-,-,-,-,-,-,-,0p,0p,-,0,-
AAK25,"Oil, sunflower",856,-,0p,95.1,0p,0,-,-,-,-,-,-,-,-,-,-,0p,0p,-,0,58
AAK30,Sandwich spread,481,32,1.1,43.8,20.6,tr,2.5,12,-,605,-,0.7,-,-,-,58,0.1,0.04,-,0,
AAM14,"Jelly, w/ coconut cream",128,72.8,0.6,5.3,-19.5,-,1.8,1,18,-,-,-,-,-,0,-,0,-,-,-,-
AAM9,Honey,285,28.6,0.2,0,71,0,0.2,20,9,5,24,2,-,-,0,0,0,0,0.04,0.1,0
AAM20,"Toddy palm, in heavy syrup",243,38.8,1.5,0.1,-59.1,-,0.5,-,-,-,-,-,-,-,0,-,0,-,-,-,-
AAN3,"Bird chilli, small, dried",(415),8,15.2,13.4,(58.4),-,5,76,541,-,-,6.7,-,-,0,8290,691,0.72,-,-,11
AAN4,"Bird chilli, small, fresh",56,81.2,3.7,1.1,2.9,9.9,1.2,24,95,22,461,1.2,0.19,0.4,0,1106,92,0.22,0.06,1.1,52
AAN8,"Budu, Muslim fish sauce",(62),63.8,7.9,1.2,(4.8),-,22.3,42,31,-,-,4.3,-,-,9,-,9,-,0.17,-,-
AAN76,"Cabbage, fermented, dried (Tang-chai)",(87),62,2.8,0.1,(18.8),-,16.3,-,-,6987,-,-,-,-,0,-,-,-,0.15,0.9,21
AAN10,"Cardamon, leaf",(373),9.6,9.5,6.3,(69.5),-,5.1,16,23,-,-,12.6,-,-,0,-,0.12,0.45,-,-,0
AAN93,"Chilli pepper, green, raw",24,92,1.4,0.2,2.6,3.2,0.6,10,37,9,183,0.5,0.07,0.2,53,4,0.22,-,-,250,0
AAN86,"Chilli, bird, dried, ground",(465),4.4,14.2,21.4,(53.9),-,6.1,155,396,-,-,8.7,-,-,-,-,-,0.41,0.5,-,0
AAN11,"Chilli, fried in oil",(545),21.7,5.2,48.3,(22.4),-,2.4,-,-,-,-,-,-,-,0,0,-,-,-,-,0
AAN19,Cinnamon,(341),14.1,3.3,1.7,(78.0),-,2.9,276,43,5,132,12.3,-,-,0,0,0.05,0.92,0,0,0
AAN22,"Coriander, seed",(327),11.4,12.4,0.5,(68.3),-,7.4,559,433,91,1783,48.8,-,-,75,6,0.12,0.35,1.8,0,0
AAN24,"Cumin, seed",(373),12.6,14.3,10.6,(55.1),-,7.4,929,382,15,1301,27.5,-,-,87,7,0.42,0.27,1,0,-
AAN87,"Curry powder, Thais",(301),7.7,7.1,7,(52.4),-,25.8,7254,72,-,-,-,-,-,-,-,1.59,1.8,-,0,8
AAN34,Galangal,(49),87.8,0.9,0.5,(10.2),-,0.6,14,23,42,239,1.2,0.13,0.6,1,0.13,0.1,0.5,6,0,-
AAN35,"Garlic, fresh",(51),86.6,2.1,0.1,(10.4),-,0.8,25,49,21,303,0.7,-,-,-,-,-,-,-,0,0
AAN36,"Ginger, root, fresh",39,89.1,1.2,0.8,5.2,2.9,0.8,32,32,3,107,1.6,-,-,0,0.04,0.04,0.8,3,0,5501
AAN39,"Holy basil, leaf, fresh",42,86.3,3.3,0.5,4,4.1,1.8,203,127,146,315,2.7,0.14,0.5,458,0.05,0.79,1.1,24,0,-
AAN84,Kra-chai (Kaempfer/ Chinese deys),18,94.7,0.2,0.5,2.9,0.6,1.1,-,14,20,288,3.6,-,-,-,0.41,0.5,-,0,1321,110
AAN45,"Leech lime, leaf",(137),65.3,5.5,3.1,(21.7),-,4.4,1029,35,23,352,3.3,1.78,0.5,0.2,0,1,20,0,-,0.06
AAN5,"Leech lime, peel",(124),69.1,3.4,1.5,(24.2),-,1.8,-,60,-,-,-,-,-,0.14,0.6,110,0,18,2,0.05
AAN42,Lemon grass,(78),80.2,0.8,1,(16.5),-,1.5,31,30,7,242,2,0.07,0.5,0.04,1.1,1,0,-,-,-
AAN46,"Lime, pickled",(46),72.6,0.5,0.1,(10.8),-,16,-,-,-,-,-,-,-,-,-,0,-,0.05,0.5,0.6
AAN47,Mace,(390),19.1,14.2,15.4,(48.7),-,2.6,134,142,-,-,64.5,-,-,-,-,-,-,-,-,-
AAN90,"Marinade powder, for chicken ",289,2.2,7.7,2.3,58.2,2.5,27.1,298,-,7570,-,8.5,-,-,-,-,-,-,-,-,-
AAN59,"Marinade powder, for roasted pork",288,0.9,2.6,1.3,65.9,0.9,28.4,1177,-,8097,-,7.6,-,-,-,-,-,-,-,-,-
AAN63,"Marinade powder, for satay",309,1.9,3.2,0.7,70.8,3.3,20.1,706,-,5569,-,11.1,-,-,-,0,2803,234,0.15,0.13,0.7
AAN48,"Mint, leaf",33,89.4,2.9,0.8,1.4,4.3,1.2,179,29,29,179,4.1,-,-,84,0,0,0,0.03,0.04,0.2
AAN52,"Onion, large",47,86.9,1.6,0,9.3,1.6,0.6,39,53,13,10,0.7,-,-,8,,,,,,
AAN25,"Paste, curry, green",59,72.2,3.5,0.8,5.9,7.1,10.5,90,-,3786,-,2.6,-,-,-,-,-,-,-,-,-
AAN28,"Paste, curry, panang",92,61.6,4.6,1.8,10.1,8.6,13.3,110,-,4019,-,3.9,-,-,-,-,-,-,-,-,-
AAN26,"Paste, curry, red",94,61,5.3,2.2,8.3,9.9,13.3,136,121,3781,-,2.8,-,-,-,-,-,-,0.62,10.2,22
AAN27,"Paste, curry, yellow (Kari)",109,57.9,4.6,5.8,5,9.2,17.5,62,-,5294,-,3.7,-,-,-,-,-,-,-,-,-
AAN31,"Paste, shrimp, fermented (Ka-pi)",(120),44,21,1,(6.8),-,27.3,1380,596,6000,393,20.5,0.84,2,-,-,-,0.01,0.12,3.7,-
AAN67,"Paste, tiny shrimp, fermented (Ka-pi)",81,46.5,13.9,1.2,2.7,2,33.7,488,360,7000,270,39.2,0.44,1.1,-,-,-,0.01,0.11,1.5,-
AAN6,"Pepper, black, powder",(364),13.1,12.4,7.3,(62.2),-,5,262,215,-,-,8.6,-,-,0,-,-,0.04,0.22,3,0
AAN7,"Pepper, black, whole, fresh",(83),80,3.5,1.7,(13.3),-,1.5,102,36,-,-,2.1,-,-,173,14,-,0.12,2.6,8,0
AAN15,"Pepper, green, hot, fresh",(55),85.2,2.1,0.9,(9.7),-,2.1,16,46,-,-,0.8,-,-,388,32,0.07,0.01,0.1,142,0
AAN40,"Pepper, hot, dried",(353),18,15,8.6,(53.8),-,4.6,66,394,-,-,12.9,-,-,-,-,0.14,1.34,7.2,107,0
AAN17,"Pepper, red, hot, fresh",(75),83,3,2.3,(10.5),-,1.2,8,52,-,-,1.2,-,-,935,78,0.15,0.01,0.1,142,0
AAN54,"Pepper, white, powder",(373),11.4,10.6,4.6,(72.2),-,1.2,728,96,4,101,3.9,-,-,24,2,0.05,0.06,1.4,0,0
AAN16,"Pepper, yellow, hot, fresh",(112),72.6,4.1,1.9,(19.7),-,1.7,19,52,-,-,1.5,-,-,933,78,0.17,0.09,3,95,52
AAN33,"Sauce, fish",(48),67.2,5.4,1.1,(4.1),-,22.2,333,202,4926,14,2.4,-,-,29,54,0,0.12,2.5,0,0
AAN96,"Sauce, fish, grade 1, per 100 ml",(56),73,11.6,T,(2.4),-,36.4,39,-,9294,-,2.9,-,-,-,-,-,-,-,-,0
AAN12,"Sauce, chilli, hot",(104),67.9,0.8,0.7,(23.7),6.9,(73),10,-,1473,-,0.8,-,-,-,-,-,-,-,-,6
AAN38,"Sauce, oyster",71.1,2.9,0.3,(14.7),-,11,(210),17,32,3379,74,1.1,-,-,0,6,0.01,0.04,0.4,7,0
AAN70,"Sauce, soy, dark",40.3,4.4,0,(48.1),-,7.2,36,79,17,3472,2190,-,-,-,-,-,0.01,0.09,0.2,0,0
AAN98,"Sauce, soy, light, grade 1, per 100 ml (120.7 g)",80.2,5.9,0,3.2,0,31.4,114,1,-,9489,-,-,-,-,-,-,-,-,-,-,0
AAN77,"Sauce, tomato (ketchup)",67.3,1.6,0,26.5,1,3.6,62,20,24,954,139,0.9,-,-,383,32,0.09,0.06,1.8,9,0
AAN51,"Shallot, bulb",82.8,1.7,0.1,12.3,2.4,0.7,277,50,40,10,256,0.9,0.08,0.3,3,0,0.11,0.06,0.3,9,-
AAN95,"Shrimp, ground, with chilli",6.8,56.1,3.6,0,9.9,23.6,36,2953,-,4919,-,27.9,-,-,-,-,-,-,-,-,0
AAN71,"Sweet basil, leaf",88.4,2.9,0.1,4.8,2,1.8,38,155,63,26,398,7.6,0.16,0.8,2713,226,0.11,0.15,0.9,21,0
AAN81,"Turmeric, rhizome, fresh",86.7,1.1,0.3,4.4,6.5,1,(36),50,74,52,587,1.4,-,-,0,0,0.03,0.03,0.4,4,0
AAN82,"Turmeric, white, fresh",90.4,0.5,0.3,(7.7),-,1.1,14,81,-,-,9.4,-,-,-,-,0.03,0.01,0.5,10,,
AAP1,"Beer, pale pilsen",16,95.8,0.4,(T),3.6,0,0.2,53,16,-,-,0.2,-,-,0,0,0,T,0.03,0.5,0
AAQ9,"Coffee, iced, per 100 ml",63,90,1.7,0.6,12.6,0p,0.7,49,-,68,-,0.1,-,-,-,-,-,-,-,-,-
AAQ16,"Drink, aloe vera flavour, canned, per 100 ml",49,88.3,0,0.6,10.7,0.2,0.2,31,3,22,12,-,-,0.1,0,-,-,-,0.03,T,16
AAQ47,"Drink, roselle, per 100 ml",66,89.6,0,0,16.4,0.1,0.1,10,-,10,-,0.4,-,-,0,-,-,0,1,1.8,8
AAQ59,"Energy drink , chocolate flavoured, powder (Milo+Ovaltine)",396,2.3,12,5.5,74.7,0p,5.5,474,482,-,-,9.8,-,-,0,-,-,-,-,-,-
AAQ65,"Juice, coconut, per 100 ml",-41,89.7,0.1,0.3,-9.5,-,0.4,15,-,14,-,0.1,-,-,0,-,-,-,-,-,-
AAQ5,"Juice, coconut, immature kernel, per 100 g",22,94.2,0.2,0,-5.2,-,0.4,30,16,1,198,0.2,-,-,0,0,0,0,0,0,5
AAQ15,"Juice, lychee, 25%, canned, per 100 ml",55,90.3,0.1,0,13.6,0,0.1,2,-,12,-,0.2,-,-,0,-,-,-,0.03,T,1
AAQ43,"Juice, orange, 100%, per 100 ml",56,91.1,0.6,0.1,13.1,0.1,0.5,8,-,26,117,0.3,-,-,0,-,-,0.03,0.2,2.1,0
AAQ32,"Juice, palm, 100%, per 100 ml",-96,84,0,T,-24.1,-,0.7,26,-,26,-,0.2,-,-,0,-,-,0.01,0.05,0.6,41
AAQ33,"Juice, passion fruit, 25%, per 100 ml",73,87.5,0.2,T,18,0.1,0.2,5,-,11,-,0.2,-,-,0,-,-,-,0.01,-,1
AAQ57,Soybean milk,53,88.7,2.3,1.9,6.7,0.1,0.3,20,23,2,38,0.4,-,-,0,75,6,0.08,0.04,0.5,0
AAQ66,"Soybean milk, commercial, per 100 ml",82,88,2.5,3.5,10,0.4,0.4,24,-,37,-,0.4,-,-,0,-,-,0.01,0.05,-,0
AAQ55,"Tea w/ milk, per 100 ml",68,87.8,0.1,1.1,14.5,0p,0.1,1,-,18,-,0.1,-,-,-,-,-,-,-,-,-
AAS1,"Burger, beef",275,47.2,13.4,14.8,21.4,1.4,1.8,60,118,-,-,2.2,-,-,10,10,11,0.16,0.15,2.6,0
AAS3,"Burger, chicken",294,43.6,13.3,16,23.1,2.3,1.7,53,93,515,202,0.8,0.06,0.9,10,5,10,0.09,0.04,-,nd
AAS4,"Burger, Fish",289,44.2,11.6,15.6,24.6,2,2,68,139,562,187,1,-,1,-,-,-,-,-,-,-
AAS6,French fries,336,34.8,3.9,18.1,37.2,4.2,1.8,16,133,-,-,0,-,-,0,0,0,0.16,0.06,2.4,0
AAS7,Hot Dog,268,45,9.9,12.3,28.1,2.7,2,-,-,-,-,-,-,-,-,-,-,-,-,-,-
AAS9,"Pizza, seafood, thin crust",232,47.9,15.2,7.9,23.4,3.4,2.2,-,-,-,-,-,-,-,-,-,-,-,-,-,-
AAS10,"Sandwich, chicken",286,45.5,12,15.6,23.5,1.6,1.8,-,-,-,-,-,-,-,-,-,-,-,-,-,-
AAS11,"Sandwich, ham",220,54.6,9.3,10.2,22.2,0.9,2.8,26,129,589,142,0.7,-,0.6,-,-,-,-,-,-,-
AAT351,"Porridge, rice, ground, with minced pork",(57),87.7,1.6,2.6,(6.9),-,1.2,6,-,-,-,0.5,-,-,-,-,-,-,-,-,-
AAT12,"Porridge, rice, ready to eat",(59),85.4,4.1,0.8,(8.9),-,0.8,-,-,205,129,-,-,-,-,-,-,-,-,-,-
AAT362,Rice and seasoned fried pork ,(144),67.4,7.7,3.2,(21.1),-,0.6,-,-,222,208,-,-,-,-,-,-,-,-,-,-
AAT353,Rice porridge with pork,(65),84.2,4.2,1.2,(9.4),-,1,-,72,272,136,-,-,-,-,-,-,-,-,-,-
AAT366,Rice w/ pig leg and gravy,161,65.3,7.2,5.9,19.3,1,1.3,236,43,324,52,0.8,-,-,-,-,-,0.08,0.21,1,-
AAT363,"Rice, chicken and holy basil leaves, fried",(188),59.5,8.6,6.6,(23.6),-,1.7,172,66,-,-,0.4,-,-,-,-,-,-,0.07,0.2,3
AAT364,"Rice, pork and vegetable and egg, fried",(151),69,5.9,6.7,(16.7),-,1.7,103,62,141,91,0.6,-,-,-,-,-,0.02,0.25,1.9,-
AAT359,"Rice, covered w/ egg in five spices soup",(181),61.6,5.7,6.4,(25.2),-,1.1,-,-,305,134,3.7,-,-,-,-,-,-,-,-,-
AAT204,Fermented rice noodle with fish curry,82,80.4,2.7,2.1,13,0.4,1.5,70,32,419,-,0.1,-,-,-,-,-,-,0.25,0.8,-
AAT347,"Rice noodle, big size, with beef ball and soup",(61),83.4,4.6,0.7,(9.0),-,2.3,23,30,752,188,-,-,-,-,-,-,0.01,0.04,-,-
AAT348,"Rice noodle, big size, with pork, w/o soup",75,83.7,7.1,3.6,2.8,1.6,1.2,-,-,366,65,1.2,-,-,-,-,-,-,-,-,-
AAT113,"Rice noodle, deep fried, crispy (Mee-krop)",(505),9.1,2.9,29.4,(57.1),-,1.5,6,47,-,-,0.6,-,-,-,-,-,0.08,0,2,2
AAT346,"Rice noodle, fine thread, w/ beef ball and soup",49,87.5,3.2,1.3,5.8,0.7,1.5,44,40,440,90,0.9,-,-,-,-,-,0.02,0.11,1,-
AAT345,"Rice noodle, fine thread, w/ meat ball, w/o soup",(152),65.7,5.9,4.6,(21.7),-,2.1,26,47,411,162,-,-,-,-,-,-,0.02,0.06,1.3,-
AAT349,"Rice noodle, small size, with pork, w/o soup",(209),59.5,7.9,10.4,(21.0),-,1.2,147,128,311,132,1.9,-,-,575,-,-,0.08,0.54,2.5,1
AAT134,"Baby clam, curry (Pa-naeng) type cooked with coconut milk,",126,76.9,7.2,9,3.4,1.4,2.1,73,-,350,-,6.9,-,-,10,-,10,-,-,-,-
AAT147,"Baby clam, fried with chilli",384,22.5,19.8,21.4,25.7,4.7,5.9,113,-,1370,-,12.2,-,-,22,-,22,-,-,-,-
AAT13,"Bamboo shoot salad, Northeastern style",(33),89.7,2.8,0.5,(4.4),-,2.6,207,30,-,-,1.3,-,-,-,-,-,-,0.2,0.7,1
AAT149,"Salad, w/ unripe papaya, Northeastern style",(28),90.4,1.8,0.3,(4.5),-,3,94,44,-,-,-,-,-,-,-,-,0.01,0.05,0.7,3
AAT133,"Custard, egg, baked",197,58.1,6.3,7.8,24.1,2.8,0.9,5,60,-,-,-,-,-,16,-,16,0.04,0.22,1,-
AAT263,"Custard, mungbean, baked",207,54.2,5.8,7.2,27.7,4.2,0.9,9,72,-,-,-,-,-,8,-,8,0.05,0.18,0.8,-
AAT173,"Glutinous rice, steeped in coconut milk",281,35.8,3.1,6.3,52.2,1.7,0.9,1,18,-,-,-,-,-,-,-,-,-,0.03,0.3,-
AAT259,"Moon's cake, durian and egg filling",379,18.7,6.5,13.2,57,3.2,1.4,36,-,83,-,1.4,-,-,25,-,25,-,-,-,-
AAT255,"Moon's cake, durian filling",363,18.8,5,10.3,60.7,3.7,1.5,23,-,67,-,1.2,-,-,-,-,-,-,-,-,-
AAT258,"Moon's cake, five nuts filling",430,13.8,10.5,19.3,52.3,2.6,1.5,43,-,189,-,3.5,-,-,0,-,0,-,-,-,-
AAT257,"Moon's cake, lotus seed and egg filling",404,20,6.7,18.2,52.3,1.9,0.9,62,-,64,-,1.9,-,-,25,-,25,-,-,-,-
AAT254,"Moon's cake, lotus seed filling",384,20.7,5.8,14.8,55.6,2.4,0.7,45,-,40,-,1.1,-,-,0,-,0,-,-,-,-
AAT430,Taro ball in coconut milk,150,66.2,0.8,4.1,26.5,1.7,0.7,4,24,-,-,-,-,-,-,-,-,-,-,0.3,-
AAT431,Taro in coconut milk,133,70.6,1,4.5,21.6,0.9,1.4,25,-,112,-,0.8,-,-,-,-,-,-,-,-,-
AAU21,"Bamboo caterpillar, raw",-,60,15.3,-,-,-,-,42,155,14,139,1.8,-,-,-,-,-,0.12,1.05,0.9,-
AAU22,"Bamboo caterpillar, deep fried",644,4.5,25.5,55.3,11,0p,3.7,4,356,609,674,2.7,-,-,-,-,-,-,-,-,-
AAU26,"Bird nest, in sealed bottle",69,82.5,0.5,0,16.8,0,0.2,55,-,5,-,0.2,-,-,-,-,-,0,0.02,-,-
AAU23,"Buffalo dung beetle, blanched",125,68.4,17.2,4.3,1.3,5.9,2.9,31,158,293,288,7.7,-,-,-,-,-,0.19,1.09,3.4,-
AAU57,"Chicken essence, 100 ml.",32,93.7,8.1,0,0,0,0.8,6,-,122,-,0.5,-,-,-,-,-,0,0.05,-,-
AAU40,"Creamer, non-dairy",471,2.9,3.2,18.4,73.1,0,2.4,19,295,104,788,0.5,-,-,12,8,13,0,0.06,0.5,0
AAU33,Cricket,127,71.4,12.9,5.5,4.6,3.5,2.1,76,185,87,306,9.5,-,-,-,-,-,0.36,1.91,3.1,-
AAU35,Giant water bug,174,63.2,19.8,8.3,2.8,4.3,1.6,44,226,84,192,13.6,-,-,-,-,-,0.09,1.5,3.9,-
AAU36,"Hornet, young",(141),71.7,13.7,6.3,(7.4),-,0.9,61,142,-,-,-,-,-,0,205,17,0.01,-,3,-
AAU24,June beetle,88,74.1,13.4,1.4,2.9,5,3.2,23,207,465,463,6.4,-,-,-,-,-,0.29,1.19,4,-
AAU37,Locust,97,76.7,14.3,3.3,0.6,4,1.1,28,150,32,217,3,-,-,-,-,-,0.19,1.5,3.9,-
AAU39,Mole cricket,130,71.2,15.4,6.3,1.5,2.9,2.7,76,254,97,268,41.7,-,-,-,-,-,0.2,1.89,4.8,-
AAU43,Red ant,111,74,13.9,3.5,5.1,1.8,1.7,48,206,56,222,5.7,-,-,-,-,-,0.24,0.88,3.4,-
AAU44,"Red ant, egg",83,81.9,7,3.2,5.6,1.7,0.6,8,113,28,96,4.1,-,-,-,-,-,0.15,0.19,0.9,-
AAU45,"Red ant, young female",189,66.1,12.7,12.5,5.2,2.5,1,23,173,50,168,3.4,-,-,-,-,-,0.31,0.71,3.3,-
AAU48,"Silk worm, pupae",123,75.3,12.2,7,1.8,2,1.7,42,167,14,139,1.8,-,-,-,-,-,0.12,1.05,0.9,-
AAU50,"Spirulina, dried",359,6.3,62.3,6.5,8,9.6,7.3,346,709,847,1091,37.6,0.8,1.7,0,-,-,1.95,2.53,16.5,-
AAU51,"Spirulina, fresh",45,89.1,7.5,0.8,0p,4.1,1,50,86,84,122,3.9,0,0.2,0,-,-,0.33,0.38,1,-
AAU25,True water beetle,166,61.2,21,7.1,1.3,6.6,2.8,37,205,62,198,6.4,-,-,-,-,-,0.31,3.51,6.9,-
